,note_name,start_time,duration,velocity,tempo
0,C#4,0,12,80,90
1,E4,25,12,80,90
2,C#4,25,12,80,90
3,G#4,50,12,80,90
4,E4,50,12,80,90
5,C#5,75,12,80,90
6,G#4,75,12,80,90
7,C#6,100,12,80,90
8,C#5,100,12,80,90
9,G#5,125,12,80,90
10,C#6,125,12,80,90
11,E5,150,12,80,90
12,G#5,150,12,80,90
13,C#5,175,12,80,90
14,E5,175,12,80,90
15,C#4,200,12,80,90
16,C#5,200,12,80,90
17,E4,225,12,80,90
18,C#4,225,12,80,90
19,G#4,250,12,80,90
20,E4,250,12,80,90
21,C#5,275,12,80,90
22,G#4,275,12,80,90
23,C#6,300,12,80,90
24,C#5,300,12,80,90
25,G#5,325,12,80,90
26,C#6,325,12,80,90
27,E5,350,12,80,90
28,G#5,350,12,80,90
29,C#5,375,12,80,90
30,E5,375,12,80,90
31,G#3,400,12,80,90
32,C#5,400,12,80,90
33,E-4,425,12,80,90
34,G#3,425,12,80,90
35,G#4,450,12,80,90
36,E-4,450,12,80,90
37,B4,475,12,80,90
38,G#4,475,12,80,90
39,B5,500,12,80,90
40,B4,500,12,80,90
41,G#5,525,12,80,90
42,B5,525,12,80,90
43,E-5,550,12,80,90
44,G#5,550,12,80,90
45,G#4,575,12,80,90
46,E-5,575,12,80,90
47,G#3,600,12,80,90
48,G#4,600,12,80,90
49,E-4,625,12,80,90
50,G#3,625,12,80,90
51,G#4,650,12,80,90
52,E-4,650,12,80,90
53,B4,675,12,80,90
54,G#4,675,12,80,90
55,B5,700,12,80,90
56,B4,700,12,80,90
57,G#5,725,12,80,90
58,B5,725,12,80,90
59,E-5,750,12,80,90
60,G#5,750,12,80,90
61,G#4,775,12,80,90
62,E-5,775,12,80,90
63,A3,800,12,80,90
64,G#4,800,12,80,90
65,C#4,825,12,80,90
66,A3,825,12,80,90
67,E4,850,12,80,90
68,C#4,850,12,80,90
69,A4,875,12,80,90
70,E4,875,12,80,90
71,A5,900,12,80,90
72,A4,900,12,80,90
73,E5,925,12,80,90
74,A5,925,12,80,90
75,C#5,950,12,80,90
76,E5,950,12,80,90
77,A4,975,12,80,90
78,C#5,975,12,80,90
79,A3,1000,12,80,90
80,A4,1000,12,80,90
81,C#4,1025,12,80,90
82,A3,1025,12,80,90
83,E4,1050,12,80,90
84,C#4,1050,12,80,90
85,A4,1075,12,80,90
86,E4,1075,12,80,90
87,A5,1100,12,80,90
88,A4,1100,12,80,90
89,E5,1125,12,80,90
90,A5,1125,12,80,90
91,C#5,1150,12,80,90
92,E5,1150,12,80,90
93,A4,1175,12,80,90
94,C#5,1175,12,80,90
95,E3,1200,12,80,90
96,A4,1200,12,80,90
97,B3,1225,12,80,90
98,E3,1225,12,80,90
99,E4,1250,12,80,90
100,B3,1250,12,80,90
101,G#4,1275,12,80,90
102,E4,1275,12,80,90
103,G#5,1300,12,80,90
104,G#4,1300,12,80,90
105,E5,1325,12,80,90
106,G#5,1325,12,80,90
107,B4,1350,12,80,90
108,E5,1350,12,80,90
109,E4,1375,12,80,90
110,B4,1375,12,80,90
111,E3,1400,12,80,90
112,E4,1400,12,80,90
113,B3,1425,12,80,90
114,E3,1425,12,80,90
115,E4,1450,12,80,90
116,B3,1450,12,80,90
117,G#4,1475,12,80,90
118,E4,1475,12,80,90
119,G#5,1500,12,80,90
120,G#4,1500,12,80,90
121,E5,1525,12,80,90
122,G#5,1525,12,80,90
123,B4,1550,12,80,90
124,E5,1550,12,80,90
125,E4,1575,12,80,90
126,B4,1575,12,80,90
127,E3,1600,12,80,90
128,E4,1600,12,80,90
129,B-3,1625,12,80,90
130,E3,1625,12,80,90
131,D4,1650,12,80,90
132,B-3,1650,12,80,90
133,G#4,1675,12,80,90
134,D4,1675,12,80,90
135,G#5,1700,12,80,90
136,G#4,1700,12,80,90
137,D5,1725,12,80,90
138,G#5,1725,12,80,90
139,B-4,1750,12,80,90
140,D5,1750,12,80,90
141,E4,1775,12,80,90
142,B-4,1775,12,80,90
143,E3,1800,12,80,90
144,E4,1800,12,80,90
145,B-3,1825,12,80,90
146,E3,1825,12,80,90
147,D4,1850,12,80,90
148,B-3,1850,12,80,90
149,G#4,1875,12,80,90
150,D4,1875,12,80,90
151,G#5,1900,12,80,90
152,G#4,1900,12,80,90
153,D5,1925,12,80,90
154,G#5,1925,12,80,90
155,B-4,1950,12,80,90
156,D5,1950,12,80,90
157,E4,1975,12,80,90
158,B-4,1975,12,80,90
159,E-3,2000,12,80,90
160,E4,2000,12,80,90
161,C#4,2025,12,80,90
162,E-3,2025,12,80,90
163,G4,2050,12,80,90
164,C#4,2050,12,80,90
165,B-4,2075,12,80,90
166,G4,2075,12,80,90
167,B-5,2100,12,80,90
168,B-4,2100,12,80,90
169,G5,2125,12,80,90
170,B-5,2125,12,80,90
171,C#5,2150,12,80,90
172,G5,2150,12,80,90
173,E-4,2175,12,80,90
174,C#5,2175,12,80,90
175,E-3,2200,12,80,90
176,E-4,2200,12,80,90
177,C#4,2225,12,80,90
178,E-3,2225,12,80,90
179,G4,2250,12,80,90
180,C#4,2250,12,80,90
181,B-4,2275,12,80,90
182,G4,2275,12,80,90
183,B-5,2300,12,80,90
184,B-4,2300,12,80,90
185,G5,2325,12,80,90
186,B-5,2325,12,80,90
187,C#5,2350,12,80,90
188,G5,2350,12,80,90
189,E-4,2375,12,80,90
190,C#5,2375,12,80,90
191,G#3,2400,12,80,90
192,E-4,2400,12,80,90
193,C#4,2425,12,80,90
194,G#3,2425,12,80,90
195,E4,2450,12,80,90
196,C#4,2450,12,80,90
197,G#4,2475,12,80,90
198,E4,2475,12,80,90
199,G#5,2500,12,80,90
200,G#4,2500,12,80,90
201,E5,2525,12,80,90
202,G#5,2525,12,80,90
203,C#5,2550,12,80,90
204,E5,2550,12,80,90
205,G#4,2575,12,80,90
206,C#5,2575,12,80,90
207,G#3,2600,12,80,90
208,G#4,2600,12,80,90
209,C#4,2625,12,80,90
210,G#3,2625,12,80,90
211,E4,2650,12,80,90
212,C#4,2650,12,80,90
213,G#4,2675,12,80,90
214,E4,2675,12,80,90
215,G#5,2700,12,80,90
216,G#4,2700,12,80,90
217,E5,2725,12,80,90
218,G#5,2725,12,80,90
219,C#5,2750,12,80,90
220,E5,2750,12,80,90
221,G#4,2775,12,80,90
222,C#5,2775,12,80,90
223,G#3,2800,12,80,90
224,G#4,2800,12,80,90
225,E-4,2825,12,80,90
226,G#3,2825,12,80,90
227,F#4,2850,12,80,90
228,E-4,2850,12,80,90
229,C5,2875,12,80,90
230,F#4,2875,12,80,90
231,C6,2900,12,80,90
232,C5,2900,12,80,90
233,F#5,2925,12,80,90
234,C6,2925,12,80,90
235,E-5,2950,12,80,90
236,F#5,2950,12,80,90
237,G#4,2975,12,80,90
238,E-5,2975,12,80,90
239,G#3,3000,12,80,90
240,G#4,3000,12,80,90
241,E-4,3025,12,80,90
242,G#3,3025,12,80,90
243,F#4,3050,12,80,90
244,E-4,3050,12,80,90
245,C5,3075,12,80,90
246,F#4,3075,12,80,90
247,C6,3100,12,80,90
248,C5,3100,12,80,90
249,F#5,3125,12,80,90
250,C6,3125,12,80,90
251,E-5,3150,12,80,90
252,F#5,3150,12,80,90
253,G#4,3175,12,80,90
254,E-5,3175,12,80,90
255,C#4,3200,12,80,90
256,G#4,3200,12,80,90
257,E4,3225,12,80,90
258,C#4,3225,12,80,90
259,G#4,3250,12,80,90
260,E4,3250,12,80,90
261,C#5,3275,12,80,90
262,G#4,3275,12,80,90
263,C#6,3300,12,80,90
264,C#5,3300,12,80,90
265,G#5,3325,12,80,90
266,C#6,3325,12,80,90
267,E5,3350,12,80,90
268,G#5,3350,12,80,90
269,C#5,3375,12,80,90
270,E5,3375,12,80,90
271,C#4,3400,12,80,90
272,C#5,3400,12,80,90
273,E4,3425,12,80,90
274,C#4,3425,12,80,90
275,G#4,3450,12,80,90
276,E4,3450,12,80,90
277,C#5,3475,12,80,90
278,G#4,3475,12,80,90
279,C#6,3500,12,80,90
280,C#5,3500,12,80,90
281,G#5,3525,12,80,90
282,C#6,3525,12,80,90
283,E5,3550,12,80,90
284,G#5,3550,12,80,90
285,C#5,3575,12,80,90
286,E5,3575,12,80,90
287,G#3,3600,12,80,90
288,C#5,3600,12,80,90
289,E-4,3625,12,80,90
290,G#3,3625,12,80,90
291,G#4,3650,12,80,90
292,E-4,3650,12,80,90
293,B4,3675,12,80,90
294,G#4,3675,12,80,90
295,B5,3700,12,80,90
296,B4,3700,12,80,90
297,G#5,3725,12,80,90
298,B5,3725,12,80,90
299,E-5,3750,12,80,90
300,G#5,3750,12,80,90
301,G#4,3775,12,80,90
302,E-5,3775,12,80,90
303,G#3,3800,12,80,90
304,G#4,3800,12,80,90
305,E-4,3825,12,80,90
306,G#3,3825,12,80,90
307,G#4,3850,12,80,90
308,E-4,3850,12,80,90
309,B4,3875,12,80,90
310,G#4,3875,12,80,90
311,B5,3900,12,80,90
312,B4,3900,12,80,90
313,G#5,3925,12,80,90
314,B5,3925,12,80,90
315,E-5,3950,12,80,90
316,G#5,3950,12,80,90
317,G#4,3975,12,80,90
318,E-5,3975,12,80,90
319,A3,4000,12,80,90
320,G#4,4000,12,80,90
321,C#4,4025,12,80,90
322,A3,4025,12,80,90
323,E4,4050,12,80,90
324,C#4,4050,12,80,90
325,A4,4075,12,80,90
326,E4,4075,12,80,90
327,A5,4100,12,80,90
328,A4,4100,12,80,90
329,E5,4125,12,80,90
330,A5,4125,12,80,90
331,C#5,4150,12,80,90
332,E5,4150,12,80,90
333,A4,4175,12,80,90
334,C#5,4175,12,80,90
335,A3,4200,12,80,90
336,A4,4200,12,80,90
337,C#4,4225,12,80,90
338,A3,4225,12,80,90
339,E4,4250,12,80,90
340,C#4,4250,12,80,90
341,A4,4275,12,80,90
342,E4,4275,12,80,90
343,A5,4300,12,80,90
344,A4,4300,12,80,90
345,E5,4325,12,80,90
346,A5,4325,12,80,90
347,C#5,4350,12,80,90
348,E5,4350,12,80,90
349,A4,4375,12,80,90
350,C#5,4375,12,80,90
351,E3,4400,12,80,90
352,A4,4400,12,80,90
353,B3,4425,12,80,90
354,E3,4425,12,80,90
355,E4,4450,12,80,90
356,B3,4450,12,80,90
357,G#4,4475,12,80,90
358,E4,4475,12,80,90
359,G#5,4500,12,80,90
360,G#4,4500,12,80,90
361,E5,4525,12,80,90
362,G#5,4525,12,80,90
363,B4,4550,12,80,90
364,E5,4550,12,80,90
365,E4,4575,12,80,90
366,B4,4575,12,80,90
367,E3,4600,12,80,90
368,E4,4600,12,80,90
369,B3,4625,12,80,90
370,E3,4625,12,80,90
371,E4,4650,12,80,90
372,B3,4650,12,80,90
373,G#4,4675,12,80,90
374,E4,4675,12,80,90
375,G#5,4700,12,80,90
376,G#4,4700,12,80,90
377,E5,4725,12,80,90
378,G#5,4725,12,80,90
379,B4,4750,12,80,90
380,E5,4750,12,80,90
381,E4,4775,12,80,90
382,B4,4775,12,80,90
383,E3,4800,12,80,90
384,E4,4800,12,80,90
385,B-3,4825,12,80,90
386,E3,4825,12,80,90
387,D4,4850,12,80,90
388,B-3,4850,12,80,90
389,G#4,4875,12,80,90
390,D4,4875,12,80,90
391,G#5,4900,12,80,90
392,G#4,4900,12,80,90
393,D5,4925,12,80,90
394,G#5,4925,12,80,90
395,B-4,4950,12,80,90
396,D5,4950,12,80,90
397,E4,4975,12,80,90
398,B-4,4975,12,80,90
399,E3,5000,12,80,90
400,E4,5000,12,80,90
401,B-3,5025,12,80,90
402,E3,5025,12,80,90
403,D4,5050,12,80,90
404,B-3,5050,12,80,90
405,G#4,5075,12,80,90
406,D4,5075,12,80,90
407,G#5,5100,12,80,90
408,G#4,5100,12,80,90
409,D5,5125,12,80,90
410,G#5,5125,12,80,90
411,B-4,5150,12,80,90
412,D5,5150,12,80,90
413,E4,5175,12,80,90
414,B-4,5175,12,80,90
415,E-3,5200,12,80,90
416,E4,5200,12,80,90
417,C#4,5225,12,80,90
418,E-3,5225,12,80,90
419,G4,5250,12,80,90
420,C#4,5250,12,80,90
421,B-4,5275,12,80,90
422,G4,5275,12,80,90
423,B-5,5300,12,80,90
424,B-4,5300,12,80,90
425,G5,5325,12,80,90
426,B-5,5325,12,80,90
427,C#5,5350,12,80,90
428,G5,5350,12,80,90
429,E-4,5375,12,80,90
430,C#5,5375,12,80,90
431,E-3,5400,12,80,90
432,E-4,5400,12,80,90
433,C#4,5425,12,80,90
434,E-3,5425,12,80,90
435,G4,5450,12,80,90
436,C#4,5450,12,80,90
437,B-4,5475,12,80,90
438,G4,5475,12,80,90
439,B-5,5500,12,80,90
440,B-4,5500,12,80,90
441,G5,5525,12,80,90
442,B-5,5525,12,80,90
443,C#5,5550,12,80,90
444,G5,5550,12,80,90
445,E-4,5575,12,80,90
446,C#5,5575,12,80,90
447,G#3,5600,12,80,90
448,E-4,5600,12,80,90
449,C#4,5625,12,80,90
450,G#3,5625,12,80,90
451,E4,5650,12,80,90
452,C#4,5650,12,80,90
453,G#4,5675,12,80,90
454,E4,5675,12,80,90
455,G#5,5700,12,80,90
456,G#4,5700,12,80,90
457,E5,5725,12,80,90
458,G#5,5725,12,80,90
459,C#5,5750,12,80,90
460,E5,5750,12,80,90
461,G#4,5775,12,80,90
462,C#5,5775,12,80,90
463,G#3,5800,12,80,90
464,G#4,5800,12,80,90
465,C#4,5825,12,80,90
466,G#3,5825,12,80,90
467,E4,5850,12,80,90
468,C#4,5850,12,80,90
469,G#4,5875,12,80,90
470,E4,5875,12,80,90
471,G#5,5900,12,80,90
472,G#4,5900,12,80,90
473,E5,5925,12,80,90
474,G#5,5925,12,80,90
475,C#5,5950,12,80,90
476,E5,5950,12,80,90
477,G#4,5975,12,80,90
478,C#5,5975,12,80,90
479,G#3,6000,12,80,90
480,G#4,6000,12,80,90
481,E-4,6025,12,80,90
482,G#3,6025,12,80,90
483,F#4,6050,12,80,90
484,E-4,6050,12,80,90
485,C5,6075,12,80,90
486,F#4,6075,12,80,90
487,C6,6100,12,80,90
488,C5,6100,12,80,90
489,F#5,6125,12,80,90
490,C6,6125,12,80,90
491,E-5,6150,12,80,90
492,F#5,6150,12,80,90
493,G#4,6175,12,80,90
494,E-5,6175,12,80,90
495,G#3,6200,12,80,90
496,G#4,6200,12,80,90
497,E-4,6225,12,80,90
498,G#3,6225,12,80,90
499,F#4,6250,12,80,90
500,E-4,6250,12,80,90
501,C5,6275,12,80,90
502,F#4,6275,12,80,90
503,C6,6300,12,80,90
504,C5,6300,12,80,90
505,F#5,6325,12,80,90
506,C6,6325,12,80,90
507,E-5,6350,12,80,90
508,F#5,6350,12,80,90
509,G#4,6375,12,80,90
510,E-5,6375,12,80,90
511,C#4,6400,12,80,90
512,G#4,6400,12,80,90
513,E4,6425,12,80,90
514,C#4,6425,12,80,90
515,G#4,6450,12,80,90
516,E4,6450,12,80,90
517,C#5,6475,12,80,90
518,G#4,6475,12,80,90
519,C#6,6500,12,80,90
520,C#5,6500,12,80,90
521,G#5,6525,12,80,90
522,C#6,6525,12,80,90
523,E5,6550,12,80,90
524,G#5,6550,12,80,90
525,C#5,6575,12,80,90
526,E5,6575,12,80,90
527,C#4,6600,12,80,90
528,C#5,6600,12,80,90
529,E3,6600,94,96,90
530,E4,6625,12,80,90
531,C#4,6625,12,80,90
532,G#4,6650,12,80,90
533,E4,6650,12,80,90
534,C#5,6675,12,80,90
535,G#4,6675,12,80,90
536,C#6,6700,12,80,90
537,C#5,6700,12,80,90
538,F#3,6700,94,96,90
539,G#5,6725,12,80,90
540,C#6,6725,12,80,90
541,E5,6750,12,80,90
542,G#5,6750,12,80,90
543,C#5,6775,12,80,90
544,E5,6775,12,80,90
545,G#3,6800,12,80,90
546,C#5,6800,12,80,90
547,G#3,6800,189,96,90
548,E-4,6825,12,80,90
549,G#3,6825,12,80,90
550,G#4,6850,12,80,90
551,E-4,6850,12,80,90
552,B4,6875,12,80,90
553,G#4,6875,12,80,90
554,B5,6900,12,80,90
555,B4,6900,12,80,90
556,G#5,6925,12,80,90
557,B5,6925,12,80,90
558,E-5,6950,12,80,90
559,G#5,6950,12,80,90
560,G#4,6975,12,80,90
561,E-5,6975,12,80,90
562,G#3,7000,12,80,90
563,G#4,7000,12,80,90
564,E-3,7000,189,96,90
565,E-4,7025,12,80,90
566,G#3,7025,12,80,90
567,G#4,7050,12,80,90
568,E-4,7050,12,80,90
569,B4,7075,12,80,90
570,G#4,7075,12,80,90
571,B5,7100,12,80,90
572,B4,7100,12,80,90
573,G#5,7125,12,80,90
574,B5,7125,12,80,90
575,E-5,7150,12,80,90
576,G#5,7150,12,80,90
577,G#4,7175,12,80,90
578,E-5,7175,12,80,90
579,A3,7200,12,80,90
580,G#4,7200,12,80,90
581,E3,7200,189,96,90
582,C#4,7225,12,80,90
583,A3,7225,12,80,90
584,E4,7250,12,80,90
585,C#4,7250,12,80,90
586,A4,7275,12,80,90
587,E4,7275,12,80,90
588,A5,7300,12,80,90
589,A4,7300,12,80,90
590,E5,7325,12,80,90
591,A5,7325,12,80,90
592,C#5,7350,12,80,90
593,E5,7350,12,80,90
594,A4,7375,12,80,90
595,C#5,7375,12,80,90
596,A3,7400,12,80,90
597,A4,7400,12,80,90
598,A3,7400,189,96,90
599,C#4,7425,12,80,90
600,A3,7425,12,80,90
601,E4,7450,12,80,90
602,C#4,7450,12,80,90
603,A4,7475,12,80,90
604,E4,7475,12,80,90
605,A5,7500,12,80,90
606,A4,7500,12,80,90
607,E5,7525,12,80,90
608,A5,7525,12,80,90
609,C#5,7550,12,80,90
610,E5,7550,12,80,90
611,A4,7575,12,80,90
612,C#5,7575,12,80,90
613,E3,7600,12,80,90
614,A4,7600,12,80,90
615,G#3,7600,189,96,90
616,B3,7625,12,80,90
617,E3,7625,12,80,90
618,E4,7650,12,80,90
619,B3,7650,12,80,90
620,G#4,7675,12,80,90
621,E4,7675,12,80,90
622,G#5,7700,12,80,90
623,G#4,7700,12,80,90
624,E5,7725,12,80,90
625,G#5,7725,12,80,90
626,B4,7750,12,80,90
627,E5,7750,12,80,90
628,E4,7775,12,80,90
629,B4,7775,12,80,90
630,E3,7800,12,80,90
631,E4,7800,12,80,90
632,F#3,7800,94,96,90
633,B3,7825,12,80,90
634,E3,7825,12,80,90
635,E4,7850,12,80,90
636,B3,7850,12,80,90
637,G#4,7875,12,80,90
638,E4,7875,12,80,90
639,G#5,7900,12,80,90
640,G#4,7900,12,80,90
641,E3,7900,94,96,90
642,E5,7925,12,80,90
643,G#5,7925,12,80,90
644,B4,7950,12,80,90
645,E5,7950,12,80,90
646,E4,7975,12,80,90
647,B4,7975,12,80,90
648,E3,8000,12,80,90
649,E4,8000,12,80,90
650,B-3,8000,189,96,90
651,B-3,8025,12,80,90
652,E3,8025,12,80,90
653,D4,8050,12,80,90
654,B-3,8050,12,80,90
655,G#4,8075,12,80,90
656,D4,8075,12,80,90
657,G#5,8100,12,80,90
658,G#4,8100,12,80,90
659,D5,8125,12,80,90
660,G#5,8125,12,80,90
661,B-4,8150,12,80,90
662,D5,8150,12,80,90
663,E4,8175,12,80,90
664,B-4,8175,12,80,90
665,E3,8200,12,80,90
666,E4,8200,12,80,90
667,D4,8200,189,96,90
668,B-3,8225,12,80,90
669,E3,8225,12,80,90
670,D4,8250,12,80,90
671,B-3,8250,12,80,90
672,G#4,8275,12,80,90
673,D4,8275,12,80,90
674,G#5,8300,12,80,90
675,G#4,8300,12,80,90
676,D5,8325,12,80,90
677,G#5,8325,12,80,90
678,B-4,8350,12,80,90
679,D5,8350,12,80,90
680,E4,8375,12,80,90
681,B-4,8375,12,80,90
682,E-3,8400,12,80,90
683,E4,8400,12,80,90
684,C#4,8400,189,96,90
685,C#4,8425,12,80,90
686,E-3,8425,12,80,90
687,G4,8450,12,80,90
688,C#4,8450,12,80,90
689,B-4,8475,12,80,90
690,G4,8475,12,80,90
691,B-5,8500,12,80,90
692,B-4,8500,12,80,90
693,G5,8525,12,80,90
694,B-5,8525,12,80,90
695,C#5,8550,12,80,90
696,G5,8550,12,80,90
697,E-4,8575,12,80,90
698,C#5,8575,12,80,90
699,E-3,8600,12,80,90
700,E-4,8600,12,80,90
701,B3,8600,94,96,90
702,C#4,8625,12,80,90
703,E-3,8625,12,80,90
704,G4,8650,12,80,90
705,C#4,8650,12,80,90
706,B-4,8675,12,80,90
707,G4,8675,12,80,90
708,B-5,8700,12,80,90
709,B-4,8700,12,80,90
710,B-3,8700,94,96,90
711,G5,8725,12,80,90
712,B-5,8725,12,80,90
713,C#5,8750,12,80,90
714,G5,8750,12,80,90
715,E-4,8775,12,80,90
716,C#5,8775,12,80,90
717,G#3,8800,12,80,90
718,E-4,8800,12,80,90
719,E4,8800,189,96,90
720,C#4,8825,12,80,90
721,G#3,8825,12,80,90
722,E4,8850,12,80,90
723,C#4,8850,12,80,90
724,G#4,8875,12,80,90
725,E4,8875,12,80,90
726,G#5,8900,12,80,90
727,G#4,8900,12,80,90
728,E5,8925,12,80,90
729,G#5,8925,12,80,90
730,C#5,8950,12,80,90
731,E5,8950,12,80,90
732,G#4,8975,12,80,90
733,C#5,8975,12,80,90
734,G#3,9000,12,80,90
735,G#4,9000,12,80,90
736,C#4,9000,189,96,90
737,C#4,9025,12,80,90
738,G#3,9025,12,80,90
739,E4,9050,12,80,90
740,C#4,9050,12,80,90
741,G#4,9075,12,80,90
742,E4,9075,12,80,90
743,G#5,9100,12,80,90
744,G#4,9100,12,80,90
745,E5,9125,12,80,90
746,G#5,9125,12,80,90
747,C#5,9150,12,80,90
748,E5,9150,12,80,90
749,G#4,9175,12,80,90
750,C#5,9175,12,80,90
751,G#3,9200,12,80,90
752,G#4,9200,12,80,90
753,F#4,9200,379,96,90
754,E-4,9225,12,80,90
755,G#3,9225,12,80,90
756,F#4,9250,12,80,90
757,E-4,9250,12,80,90
758,C5,9275,12,80,90
759,F#4,9275,12,80,90
760,C6,9300,12,80,90
761,C5,9300,12,80,90
762,G#3,9300,94,96,90
763,F#5,9325,12,80,90
764,C6,9325,12,80,90
765,E-5,9350,12,80,90
766,F#5,9350,12,80,90
767,G#4,9375,12,80,90
768,E-5,9375,12,80,90
769,G#3,9400,12,80,90
770,G#4,9400,12,80,90
771,F#3,9400,94,96,90
772,E-4,9425,12,80,90
773,G#3,9425,12,80,90
774,F#4,9450,12,80,90
775,E-4,9450,12,80,90
776,C5,9475,12,80,90
777,F#4,9475,12,80,90
778,C6,9500,12,80,90
779,C5,9500,12,80,90
780,E-3,9500,94,96,90
781,F#5,9525,12,80,90
782,C6,9525,12,80,90
783,E-5,9550,12,80,90
784,F#5,9550,12,80,90
785,G#4,9575,12,80,90
786,E-5,9575,12,80,90
787,C#4,9600,12,80,90
788,G#4,9600,12,80,90
789,C#3,9600,94,96,90
790,E4,9625,12,80,90
791,C#4,9625,12,80,90
792,G#4,9650,12,80,90
793,E4,9650,12,80,90
794,C#5,9675,12,80,90
795,G#4,9675,12,80,90
796,C#6,9700,12,80,90
797,C#5,9700,12,80,90
798,E-3,9700,94,96,90
799,G#5,9725,12,80,90
800,C#6,9725,12,80,90
801,E5,9750,12,80,90
802,G#5,9750,12,80,90
803,C#5,9775,12,80,90
804,E5,9775,12,80,90
805,C#4,9800,12,80,90
806,C#5,9800,12,80,90
807,E3,9800,94,96,90
808,E4,9825,12,80,90
809,C#4,9825,12,80,90
810,G#4,9850,12,80,90
811,E4,9850,12,80,90
812,C#5,9875,12,80,90
813,G#4,9875,12,80,90
814,C#6,9900,12,80,90
815,C#5,9900,12,80,90
816,F#3,9900,94,96,90
817,G#5,9925,12,80,90
818,C#6,9925,12,80,90
819,E5,9950,12,80,90
820,G#5,9950,12,80,90
821,C#5,9975,12,80,90
822,E5,9975,12,80,90
823,G#3,10000,12,80,90
824,C#5,10000,12,80,90
825,G#3,10000,189,96,90
826,E-4,10025,12,80,90
827,G#3,10025,12,80,90
828,G#4,10050,12,80,90
829,E-4,10050,12,80,90
830,B4,10075,12,80,90
831,G#4,10075,12,80,90
832,B5,10100,12,80,90
833,B4,10100,12,80,90
834,G#5,10125,12,80,90
835,B5,10125,12,80,90
836,E-5,10150,12,80,90
837,G#5,10150,12,80,90
838,G#4,10175,12,80,90
839,E-5,10175,12,80,90
840,G#3,10200,12,80,90
841,G#4,10200,12,80,90
842,E-3,10200,189,96,90
843,E-4,10225,12,80,90
844,G#3,10225,12,80,90
845,G#4,10250,12,80,90
846,E-4,10250,12,80,90
847,B4,10275,12,80,90
848,G#4,10275,12,80,90
849,B5,10300,12,80,90
850,B4,10300,12,80,90
851,G#5,10325,12,80,90
852,B5,10325,12,80,90
853,E-5,10350,12,80,90
854,G#5,10350,12,80,90
855,G#4,10375,12,80,90
856,E-5,10375,12,80,90
857,A3,10400,12,80,90
858,G#4,10400,12,80,90
859,E3,10400,94,96,90
860,C#4,10425,12,80,90
861,A3,10425,12,80,90
862,E4,10450,12,80,90
863,C#4,10450,12,80,90
864,A4,10475,12,80,90
865,E4,10475,12,80,90
866,A5,10500,12,80,90
867,A4,10500,12,80,90
868,G#3,10500,94,96,90
869,E5,10525,12,80,90
870,A5,10525,12,80,90
871,C#5,10550,12,80,90
872,E5,10550,12,80,90
873,A4,10575,12,80,90
874,C#5,10575,12,80,90
875,A3,10600,12,80,90
876,A4,10600,12,80,90
877,A3,10600,94,96,90
878,C#4,10625,12,80,90
879,A3,10625,12,80,90
880,E4,10650,12,80,90
881,C#4,10650,12,80,90
882,A4,10675,12,80,90
883,E4,10675,12,80,90
884,A5,10700,12,80,90
885,A4,10700,12,80,90
886,E3,10700,94,96,90
887,E5,10725,12,80,90
888,A5,10725,12,80,90
889,C#5,10750,12,80,90
890,E5,10750,12,80,90
891,A4,10775,12,80,90
892,C#5,10775,12,80,90
893,E3,10800,12,80,90
894,A4,10800,12,80,90
895,G#3,10800,189,96,90
896,B3,10825,12,80,90
897,E3,10825,12,80,90
898,E4,10850,12,80,90
899,B3,10850,12,80,90
900,G#4,10875,12,80,90
901,E4,10875,12,80,90
902,G#5,10900,12,80,90
903,G#4,10900,12,80,90
904,E5,10925,12,80,90
905,G#5,10925,12,80,90
906,B4,10950,12,80,90
907,E5,10950,12,80,90
908,E4,10975,12,80,90
909,B4,10975,12,80,90
910,E3,11000,12,80,90
911,E4,11000,12,80,90
912,F#3,11000,94,96,90
913,B3,11025,12,80,90
914,E3,11025,12,80,90
915,E4,11050,12,80,90
916,B3,11050,12,80,90
917,G#4,11075,12,80,90
918,E4,11075,12,80,90
919,G#5,11100,12,80,90
920,G#4,11100,12,80,90
921,E3,11100,94,96,90
922,E5,11125,12,80,90
923,G#5,11125,12,80,90
924,B4,11150,12,80,90
925,E5,11150,12,80,90
926,E4,11175,12,80,90
927,B4,11175,12,80,90
928,E3,11200,12,80,90
929,E4,11200,12,80,90
930,B-3,11200,94,96,90
931,B-3,11225,12,80,90
932,E3,11225,12,80,90
933,D4,11250,12,80,90
934,B-3,11250,12,80,90
935,G#4,11275,12,80,90
936,D4,11275,12,80,90
937,G#5,11300,12,80,90
938,G#4,11300,12,80,90
939,B3,11300,94,96,90
940,D5,11325,12,80,90
941,G#5,11325,12,80,90
942,B-4,11350,12,80,90
943,D5,11350,12,80,90
944,E4,11375,12,80,90
945,B-4,11375,12,80,90
946,E3,11400,12,80,90
947,E4,11400,12,80,90
948,D4,11400,189,96,90
949,B-3,11425,12,80,90
950,E3,11425,12,80,90
951,D4,11450,12,80,90
952,B-3,11450,12,80,90
953,G#4,11475,12,80,90
954,D4,11475,12,80,90
955,G#5,11500,12,80,90
956,G#4,11500,12,80,90
957,D5,11525,12,80,90
958,G#5,11525,12,80,90
959,B-4,11550,12,80,90
960,D5,11550,12,80,90
961,E4,11575,12,80,90
962,B-4,11575,12,80,90
963,E-3,11600,12,80,90
964,E4,11600,12,80,90
965,C#4,11600,189,96,90
966,C#4,11625,12,80,90
967,E-3,11625,12,80,90
968,G4,11650,12,80,90
969,C#4,11650,12,80,90
970,B-4,11675,12,80,90
971,G4,11675,12,80,90
972,B-5,11700,12,80,90
973,B-4,11700,12,80,90
974,G5,11725,12,80,90
975,B-5,11725,12,80,90
976,C#5,11750,12,80,90
977,G5,11750,12,80,90
978,E-4,11775,12,80,90
979,C#5,11775,12,80,90
980,E-3,11800,12,80,90
981,E-4,11800,12,80,90
982,B3,11800,94,96,90
983,C#4,11825,12,80,90
984,E-3,11825,12,80,90
985,G4,11850,12,80,90
986,C#4,11850,12,80,90
987,B-4,11875,12,80,90
988,G4,11875,12,80,90
989,B-5,11900,12,80,90
990,B-4,11900,12,80,90
991,B-3,11900,94,96,90
992,G5,11925,12,80,90
993,B-5,11925,12,80,90
994,C#5,11950,12,80,90
995,G5,11950,12,80,90
996,E-4,11975,12,80,90
997,C#5,11975,12,80,90
998,G#3,12000,12,80,90
999,E-4,12000,12,80,90
1000,E4,12000,94,96,90
1001,C#4,12025,12,80,90
1002,G#3,12025,12,80,90
1003,E4,12050,12,80,90
1004,C#4,12050,12,80,90
1005,G#4,12075,12,80,90
1006,E4,12075,12,80,90
1007,G#5,12100,12,80,90
1008,G#4,12100,12,80,90
1009,E-4,12100,94,96,90
1010,E5,12125,12,80,90
1011,G#5,12125,12,80,90
1012,C#5,12150,12,80,90
1013,E5,12150,12,80,90
1014,G#4,12175,12,80,90
1015,C#5,12175,12,80,90
1016,G#3,12200,12,80,90
1017,G#4,12200,12,80,90
1018,C#4,12200,189,96,90
1019,C#4,12225,12,80,90
1020,G#3,12225,12,80,90
1021,E4,12250,12,80,90
1022,C#4,12250,12,80,90
1023,G#4,12275,12,80,90
1024,E4,12275,12,80,90
1025,G#5,12300,12,80,90
1026,G#4,12300,12,80,90
1027,E5,12325,12,80,90
1028,G#5,12325,12,80,90
1029,C#5,12350,12,80,90
1030,E5,12350,12,80,90
1031,G#4,12375,12,80,90
1032,C#5,12375,12,80,90
1033,G#3,12400,12,80,90
1034,G#4,12400,12,80,90
1035,F#4,12400,379,96,90
1036,E-4,12425,12,80,90
1037,G#3,12425,12,80,90
1038,F#4,12450,12,80,90
1039,E-4,12450,12,80,90
1040,C5,12475,12,80,90
1041,F#4,12475,12,80,90
1042,C6,12500,12,80,90
1043,C5,12500,12,80,90
1044,F#5,12525,12,80,90
1045,C6,12525,12,80,90
1046,E-5,12550,12,80,90
1047,F#5,12550,12,80,90
1048,G#4,12575,12,80,90
1049,E-5,12575,12,80,90
1050,G#3,12600,12,80,90
1051,G#4,12600,12,80,90
1052,E-4,12625,12,80,90
1053,G#3,12625,12,80,90
1054,F#4,12650,12,80,90
1055,E-4,12650,12,80,90
1056,C5,12675,12,80,90
1057,F#4,12675,12,80,90
1058,C6,12700,12,80,90
1059,C5,12700,12,80,90
1060,F#5,12725,12,80,90
1061,C6,12725,12,80,90
1062,E-5,12750,12,80,90
1063,F#5,12750,12,80,90
1064,G#4,12775,12,80,90
1065,E-5,12775,12,80,90
1066,C#4,12800,12,80,90
1067,G#4,12800,12,80,90
1068,C#3,12800,284,96,90
1069,E4,12825,12,80,90
1070,C#4,12825,12,80,90
1071,G#4,12850,12,80,90
1072,E4,12850,12,80,90
1073,C#5,12875,12,80,90
1074,G#4,12875,12,80,90
1075,C#6,12900,12,80,90
1076,C#5,12900,12,80,90
1077,G#5,12925,12,80,90
1078,C#6,12925,12,80,90
1079,E5,12950,12,80,90
1080,G#5,12950,12,80,90
1081,C#5,12975,12,80,90
1082,E5,12975,12,80,90
1083,C#4,13000,12,80,90
1084,C#5,13000,12,80,90
1085,E4,13025,12,80,90
1086,C#4,13025,12,80,90
1087,G#4,13050,12,80,90
1088,E4,13050,12,80,90
1089,C#5,13075,12,80,90
1090,G#4,13075,12,80,90
1091,C#6,13100,12,80,90
1092,C#5,13100,12,80,90
1093,B2,13100,47,96,90
1094,G#5,13125,12,80,90
1095,C#6,13125,12,80,90
1096,E5,13150,12,80,90
1097,G#5,13150,12,80,90
1098,A2,13150,47,96,90
1099,C#5,13175,12,80,90
1100,E5,13175,12,80,90
1101,G#3,13200,12,80,90
1102,C#5,13200,12,80,90
1103,G#2,13200,284,96,90
1104,E-4,13225,12,80,90
1105,G#3,13225,12,80,90
1106,G#4,13250,12,80,90
1107,E-4,13250,12,80,90
1108,B4,13275,12,80,90
1109,G#4,13275,12,80,90
1110,B5,13300,12,80,90
1111,B4,13300,12,80,90
1112,G#5,13325,12,80,90
1113,B5,13325,12,80,90
1114,E-5,13350,12,80,90
1115,G#5,13350,12,80,90
1116,G#4,13375,12,80,90
1117,E-5,13375,12,80,90
1118,G#3,13400,12,80,90
1119,G#4,13400,12,80,90
1120,E-4,13425,12,80,90
1121,G#3,13425,12,80,90
1122,G#4,13450,12,80,90
1123,E-4,13450,12,80,90
1124,B4,13475,12,80,90
1125,G#4,13475,12,80,90
1126,B5,13500,12,80,90
1127,B4,13500,12,80,90
1128,B2,13500,94,96,90
1129,G#5,13525,12,80,90
1130,B5,13525,12,80,90
1131,E-5,13550,12,80,90
1132,G#5,13550,12,80,90
1133,G#4,13575,12,80,90
1134,E-5,13575,12,80,90
1135,A3,13600,12,80,90
1136,G#4,13600,12,80,90
1137,A2,13600,284,96,90
1138,C#4,13625,12,80,90
1139,A3,13625,12,80,90
1140,E4,13650,12,80,90
1141,C#4,13650,12,80,90
1142,A4,13675,12,80,90
1143,E4,13675,12,80,90
1144,A5,13700,12,80,90
1145,A4,13700,12,80,90
1146,E5,13725,12,80,90
1147,A5,13725,12,80,90
1148,C#5,13750,12,80,90
1149,E5,13750,12,80,90
1150,A4,13775,12,80,90
1151,C#5,13775,12,80,90
1152,A3,13800,12,80,90
1153,A4,13800,12,80,90
1154,C#4,13825,12,80,90
1155,A3,13825,12,80,90
1156,E4,13850,12,80,90
1157,C#4,13850,12,80,90
1158,A4,13875,12,80,90
1159,E4,13875,12,80,90
1160,A5,13900,12,80,90
1161,A4,13900,12,80,90
1162,G#2,13900,47,96,90
1163,E5,13925,12,80,90
1164,A5,13925,12,80,90
1165,C#5,13950,12,80,90
1166,E5,13950,12,80,90
1167,F#2,13950,47,96,90
1168,A4,13975,12,80,90
1169,C#5,13975,12,80,90
1170,E3,14000,12,80,90
1171,A4,14000,12,80,90
1172,E2,14000,379,96,90
1173,B3,14025,12,80,90
1174,E3,14025,12,80,90
1175,E4,14050,12,80,90
1176,B3,14050,12,80,90
1177,G#4,14075,12,80,90
1178,E4,14075,12,80,90
1179,G#5,14100,12,80,90
1180,G#4,14100,12,80,90
1181,E5,14125,12,80,90
1182,G#5,14125,12,80,90
1183,B4,14150,12,80,90
1184,E5,14150,12,80,90
1185,E4,14175,12,80,90
1186,B4,14175,12,80,90
1187,E3,14200,12,80,90
1188,E4,14200,12,80,90
1189,B3,14225,12,80,90
1190,E3,14225,12,80,90
1191,E4,14250,12,80,90
1192,B3,14250,12,80,90
1193,G#4,14275,12,80,90
1194,E4,14275,12,80,90
1195,G#5,14300,12,80,90
1196,G#4,14300,12,80,90
1197,E5,14325,12,80,90
1198,G#5,14325,12,80,90
1199,B4,14350,12,80,90
1200,E5,14350,12,80,90
1201,E4,14375,12,80,90
1202,B4,14375,12,80,90
1203,E3,14400,12,80,90
1204,E4,14400,12,80,90
1205,E3,14400,284,96,90
1206,B-3,14425,12,80,90
1207,E3,14425,12,80,90
1208,D4,14450,12,80,90
1209,B-3,14450,12,80,90
1210,G#4,14475,12,80,90
1211,D4,14475,12,80,90
1212,G#5,14500,12,80,90
1213,G#4,14500,12,80,90
1214,D5,14525,12,80,90
1215,G#5,14525,12,80,90
1216,B-4,14550,12,80,90
1217,D5,14550,12,80,90
1218,E4,14575,12,80,90
1219,B-4,14575,12,80,90
1220,E3,14600,12,80,90
1221,E4,14600,12,80,90
1222,B-3,14625,12,80,90
1223,E3,14625,12,80,90
1224,D4,14650,12,80,90
1225,B-3,14650,12,80,90
1226,G#4,14675,12,80,90
1227,D4,14675,12,80,90
1228,G#5,14700,12,80,90
1229,G#4,14700,12,80,90
1230,E-3,14700,47,96,90
1231,D5,14725,12,80,90
1232,G#5,14725,12,80,90
1233,B-4,14750,12,80,90
1234,D5,14750,12,80,90
1235,C#3,14750,47,96,90
1236,E4,14775,12,80,90
1237,B-4,14775,12,80,90
1238,E-3,14800,12,80,90
1239,E4,14800,12,80,90
1240,E-3,14800,284,96,90
1241,C#4,14825,12,80,90
1242,E-3,14825,12,80,90
1243,G4,14850,12,80,90
1244,C#4,14850,12,80,90
1245,B-4,14875,12,80,90
1246,G4,14875,12,80,90
1247,B-5,14900,12,80,90
1248,B-4,14900,12,80,90
1249,G5,14925,12,80,90
1250,B-5,14925,12,80,90
1251,C#5,14950,12,80,90
1252,G5,14950,12,80,90
1253,E-4,14975,12,80,90
1254,C#5,14975,12,80,90
1255,E-3,15000,12,80,90
1256,E-4,15000,12,80,90
1257,C#4,15025,12,80,90
1258,E-3,15025,12,80,90
1259,G4,15050,12,80,90
1260,C#4,15050,12,80,90
1261,B-4,15075,12,80,90
1262,G4,15075,12,80,90
1263,B-5,15100,12,80,90
1264,B-4,15100,12,80,90
1265,F3,15100,47,96,90
1266,G5,15125,12,80,90
1267,B-5,15125,12,80,90
1268,C#5,15150,12,80,90
1269,G5,15150,12,80,90
1270,G3,15150,47,96,90
1271,E-4,15175,12,80,90
1272,C#5,15175,12,80,90
1273,G#3,15200,12,80,90
1274,E-4,15200,12,80,90
1275,G#3,15200,284,96,90
1276,C#4,15225,12,80,90
1277,G#3,15225,12,80,90
1278,E4,15250,12,80,90
1279,C#4,15250,12,80,90
1280,G#4,15275,12,80,90
1281,E4,15275,12,80,90
1282,G#5,15300,12,80,90
1283,G#4,15300,12,80,90
1284,E5,15325,12,80,90
1285,G#5,15325,12,80,90
1286,C#5,15350,12,80,90
1287,E5,15350,12,80,90
1288,G#4,15375,12,80,90
1289,C#5,15375,12,80,90
1290,G#3,15400,12,80,90
1291,G#4,15400,12,80,90
1292,C#4,15425,12,80,90
1293,G#3,15425,12,80,90
1294,E4,15450,12,80,90
1295,C#4,15450,12,80,90
1296,G#4,15475,12,80,90
1297,E4,15475,12,80,90
1298,G#5,15500,12,80,90
1299,G#4,15500,12,80,90
1300,C#3,15500,94,96,90
1301,E5,15525,12,80,90
1302,G#5,15525,12,80,90
1303,C#5,15550,12,80,90
1304,E5,15550,12,80,90
1305,G#4,15575,12,80,90
1306,C#5,15575,12,80,90
1307,G#3,15600,12,80,90
1308,G#4,15600,12,80,90
1309,G#2,15600,189,96,90
1310,E-4,15625,12,80,90
1311,G#3,15625,12,80,90
1312,F#4,15650,12,80,90
1313,E-4,15650,12,80,90
1314,C5,15675,12,80,90
1315,F#4,15675,12,80,90
1316,C6,15700,12,80,90
1317,C5,15700,12,80,90
1318,F#5,15725,12,80,90
1319,C6,15725,12,80,90
1320,E-5,15750,12,80,90
1321,F#5,15750,12,80,90
1322,G#4,15775,12,80,90
1323,E-5,15775,12,80,90
1324,G#3,15800,12,80,90
1325,G#4,15800,12,80,90
1326,C3,15800,189,96,90
1327,E-4,15825,12,80,90
1328,G#3,15825,12,80,90
1329,F#4,15850,12,80,90
1330,E-4,15850,12,80,90
1331,C5,15875,12,80,90
1332,F#4,15875,12,80,90
1333,C6,15900,12,80,90
1334,C5,15900,12,80,90
1335,F#5,15925,12,80,90
1336,C6,15925,12,80,90
1337,E-5,15950,12,80,90
1338,F#5,15950,12,80,90
1339,G#4,15975,12,80,90
1340,E-5,15975,12,80,90
1341,C#4,16000,12,80,90
1342,G#4,16000,12,80,90
1343,C#3,16000,284,96,90
1344,E4,16025,12,80,90
1345,C#4,16025,12,80,90
1346,G#4,16050,12,80,90
1347,E4,16050,12,80,90
1348,C#5,16075,12,80,90
1349,G#4,16075,12,80,90
1350,C#6,16100,12,80,90
1351,C#5,16100,12,80,90
1352,G#5,16125,12,80,90
1353,C#6,16125,12,80,90
1354,E5,16150,12,80,90
1355,G#5,16150,12,80,90
1356,C#5,16175,12,80,90
1357,E5,16175,12,80,90
1358,C#4,16200,12,80,90
1359,C#5,16200,12,80,90
1360,E4,16225,12,80,90
1361,C#4,16225,12,80,90
1362,G#4,16250,12,80,90
1363,E4,16250,12,80,90
1364,C#5,16275,12,80,90
1365,G#4,16275,12,80,90
1366,C#6,16300,12,80,90
1367,C#5,16300,12,80,90
1368,B2,16300,47,96,90
1369,G#5,16325,12,80,90
1370,C#6,16325,12,80,90
1371,E5,16350,12,80,90
1372,G#5,16350,12,80,90
1373,A2,16350,47,96,90
1374,C#5,16375,12,80,90
1375,E5,16375,12,80,90
1376,G#3,16400,12,80,90
1377,C#5,16400,12,80,90
1378,G#2,16400,284,96,90
1379,E-4,16425,12,80,90
1380,G#3,16425,12,80,90
1381,G#4,16450,12,80,90
1382,E-4,16450,12,80,90
1383,B4,16475,12,80,90
1384,G#4,16475,12,80,90
1385,B5,16500,12,80,90
1386,B4,16500,12,80,90
1387,G#5,16525,12,80,90
1388,B5,16525,12,80,90
1389,E-5,16550,12,80,90
1390,G#5,16550,12,80,90
1391,G#4,16575,12,80,90
1392,E-5,16575,12,80,90
1393,G#3,16600,12,80,90
1394,G#4,16600,12,80,90
1395,E-4,16625,12,80,90
1396,G#3,16625,12,80,90
1397,G#4,16650,12,80,90
1398,E-4,16650,12,80,90
1399,B4,16675,12,80,90
1400,G#4,16675,12,80,90
1401,B5,16700,12,80,90
1402,B4,16700,12,80,90
1403,B2,16700,94,96,90
1404,G#5,16725,12,80,90
1405,B5,16725,12,80,90
1406,E-5,16750,12,80,90
1407,G#5,16750,12,80,90
1408,G#4,16775,12,80,90
1409,E-5,16775,12,80,90
1410,A3,16800,12,80,90
1411,G#4,16800,12,80,90
1412,A2,16800,284,96,90
1413,C#4,16825,12,80,90
1414,A3,16825,12,80,90
1415,E4,16850,12,80,90
1416,C#4,16850,12,80,90
1417,A4,16875,12,80,90
1418,E4,16875,12,80,90
1419,A5,16900,12,80,90
1420,A4,16900,12,80,90
1421,E5,16925,12,80,90
1422,A5,16925,12,80,90
1423,C#5,16950,12,80,90
1424,E5,16950,12,80,90
1425,A4,16975,12,80,90
1426,C#5,16975,12,80,90
1427,A3,17000,12,80,90
1428,A4,17000,12,80,90
1429,C#4,17025,12,80,90
1430,A3,17025,12,80,90
1431,E4,17050,12,80,90
1432,C#4,17050,12,80,90
1433,A4,17075,12,80,90
1434,E4,17075,12,80,90
1435,A5,17100,12,80,90
1436,A4,17100,12,80,90
1437,G#2,17100,47,96,90
1438,E5,17125,12,80,90
1439,A5,17125,12,80,90
1440,C#5,17150,12,80,90
1441,E5,17150,12,80,90
1442,F#2,17150,47,96,90
1443,A4,17175,12,80,90
1444,C#5,17175,12,80,90
1445,E3,17200,12,80,90
1446,A4,17200,12,80,90
1447,E2,17200,379,96,90
1448,B3,17225,12,80,90
1449,E3,17225,12,80,90
1450,E4,17250,12,80,90
1451,B3,17250,12,80,90
1452,G#4,17275,12,80,90
1453,E4,17275,12,80,90
1454,G#5,17300,12,80,90
1455,G#4,17300,12,80,90
1456,E5,17325,12,80,90
1457,G#5,17325,12,80,90
1458,B4,17350,12,80,90
1459,E5,17350,12,80,90
1460,E4,17375,12,80,90
1461,B4,17375,12,80,90
1462,E3,17400,12,80,90
1463,E4,17400,12,80,90
1464,B3,17425,12,80,90
1465,E3,17425,12,80,90
1466,E4,17450,12,80,90
1467,B3,17450,12,80,90
1468,G#4,17475,12,80,90
1469,E4,17475,12,80,90
1470,G#5,17500,12,80,90
1471,G#4,17500,12,80,90
1472,E5,17525,12,80,90
1473,G#5,17525,12,80,90
1474,B4,17550,12,80,90
1475,E5,17550,12,80,90
1476,E4,17575,12,80,90
1477,B4,17575,12,80,90
1478,E3,17600,12,80,90
1479,E4,17600,12,80,90
1480,E3,17600,284,96,90
1481,B-3,17625,12,80,90
1482,E3,17625,12,80,90
1483,D4,17650,12,80,90
1484,B-3,17650,12,80,90
1485,G#4,17675,12,80,90
1486,D4,17675,12,80,90
1487,G#5,17700,12,80,90
1488,G#4,17700,12,80,90
1489,D5,17725,12,80,90
1490,G#5,17725,12,80,90
1491,B-4,17750,12,80,90
1492,D5,17750,12,80,90
1493,E4,17775,12,80,90
1494,B-4,17775,12,80,90
1495,E3,17800,12,80,90
1496,E4,17800,12,80,90
1497,B-3,17825,12,80,90
1498,E3,17825,12,80,90
1499,D4,17850,12,80,90
1500,B-3,17850,12,80,90
1501,G#4,17875,12,80,90
1502,D4,17875,12,80,90
1503,G#5,17900,12,80,90
1504,G#4,17900,12,80,90
1505,E-3,17900,47,96,90
1506,D5,17925,12,80,90
1507,G#5,17925,12,80,90
1508,B-4,17950,12,80,90
1509,D5,17950,12,80,90
1510,C#3,17950,47,96,90
1511,E4,17975,12,80,90
1512,B-4,17975,12,80,90
1513,E-3,18000,12,80,90
1514,E4,18000,12,80,90
1515,E-3,18000,284,96,90
1516,C#4,18025,12,80,90
1517,E-3,18025,12,80,90
1518,G4,18050,12,80,90
1519,C#4,18050,12,80,90
1520,B-4,18075,12,80,90
1521,G4,18075,12,80,90
1522,B-5,18100,12,80,90
1523,B-4,18100,12,80,90
1524,G5,18125,12,80,90
1525,B-5,18125,12,80,90
1526,C#5,18150,12,80,90
1527,G5,18150,12,80,90
1528,E-4,18175,12,80,90
1529,C#5,18175,12,80,90
1530,E-3,18200,12,80,90
1531,E-4,18200,12,80,90
1532,C#4,18225,12,80,90
1533,E-3,18225,12,80,90
1534,G4,18250,12,80,90
1535,C#4,18250,12,80,90
1536,B-4,18275,12,80,90
1537,G4,18275,12,80,90
1538,B-5,18300,12,80,90
1539,B-4,18300,12,80,90
1540,F3,18300,47,96,90
1541,G5,18325,12,80,90
1542,B-5,18325,12,80,90
1543,C#5,18350,12,80,90
1544,G5,18350,12,80,90
1545,G3,18350,47,96,90
1546,E-4,18375,12,80,90
1547,C#5,18375,12,80,90
1548,G#3,18400,12,80,90
1549,E-4,18400,12,80,90
1550,G#3,18400,284,96,90
1551,C#4,18425,12,80,90
1552,G#3,18425,12,80,90
1553,E4,18450,12,80,90
1554,C#4,18450,12,80,90
1555,G#4,18475,12,80,90
1556,E4,18475,12,80,90
1557,G#5,18500,12,80,90
1558,G#4,18500,12,80,90
1559,E5,18525,12,80,90
1560,G#5,18525,12,80,90
1561,C#5,18550,12,80,90
1562,E5,18550,12,80,90
1563,G#4,18575,12,80,90
1564,C#5,18575,12,80,90
1565,G#3,18600,12,80,90
1566,G#4,18600,12,80,90
1567,C#4,18625,12,80,90
1568,G#3,18625,12,80,90
1569,E4,18650,12,80,90
1570,C#4,18650,12,80,90
1571,G#4,18675,12,80,90
1572,E4,18675,12,80,90
1573,G#5,18700,12,80,90
1574,G#4,18700,12,80,90
1575,C#3,18700,94,96,90
1576,E5,18725,12,80,90
1577,G#5,18725,12,80,90
1578,C#5,18750,12,80,90
1579,E5,18750,12,80,90
1580,G#4,18775,12,80,90
1581,C#5,18775,12,80,90
1582,G#3,18800,12,80,90
1583,G#4,18800,12,80,90
1584,G#2,18800,189,96,90
1585,E-4,18825,12,80,90
1586,G#3,18825,12,80,90
1587,F#4,18850,12,80,90
1588,E-4,18850,12,80,90
1589,C5,18875,12,80,90
1590,F#4,18875,12,80,90
1591,C6,18900,12,80,90
1592,C5,18900,12,80,90
1593,F#5,18925,12,80,90
1594,C6,18925,12,80,90
1595,E-5,18950,12,80,90
1596,F#5,18950,12,80,90
1597,G#4,18975,12,80,90
1598,E-5,18975,12,80,90
1599,G#3,19000,12,80,90
1600,G#4,19000,12,80,90
1601,C3,19000,189,96,90
1602,E-4,19025,12,80,90
1603,G#3,19025,12,80,90
1604,F#4,19050,12,80,90
1605,E-4,19050,12,80,90
1606,C5,19075,12,80,90
1607,F#4,19075,12,80,90
1608,C6,19100,12,80,90
1609,C5,19100,12,80,90
1610,F#5,19125,12,80,90
1611,C6,19125,12,80,90
1612,E-5,19150,12,80,90
1613,F#5,19150,12,80,90
1614,G#4,19175,12,80,90
1615,E-5,19175,12,80,90
1616,C#4,19200,12,80,90
1617,G#4,19200,12,80,90
1618,C#3,19200,284,96,90
1619,E4,19225,12,80,90
1620,C#4,19225,12,80,90
1621,G#4,19250,12,80,90
1622,E4,19250,12,80,90
1623,C#5,19275,12,80,90
1624,G#4,19275,12,80,90
1625,C#6,19300,12,80,90
1626,C#5,19300,12,80,90
1627,G#5,19325,12,80,90
1628,C#6,19325,12,80,90
1629,E5,19350,12,80,90
1630,G#5,19350,12,80,90
1631,C#5,19375,12,80,90
1632,E5,19375,12,80,90
1633,C#4,19400,12,80,90
1634,C#5,19400,12,80,90
1635,E3,19400,94,96,90
1636,E4,19425,12,80,90
1637,C#4,19425,12,80,90
1638,G#4,19450,12,80,90
1639,E4,19450,12,80,90
1640,C#5,19475,12,80,90
1641,G#4,19475,12,80,90
1642,C#6,19500,12,80,90
1643,C#5,19500,12,80,90
1644,F#3,19500,94,96,90
1645,B2,19500,47,96,90
1646,G#5,19525,12,80,90
1647,C#6,19525,12,80,90
1648,E5,19550,12,80,90
1649,G#5,19550,12,80,90
1650,A2,19550,47,96,90
1651,C#5,19575,12,80,90
1652,E5,19575,12,80,90
1653,G#3,19600,12,80,90
1654,C#5,19600,12,80,90
1655,G#3,19600,189,96,90
1656,G#2,19600,284,96,90
1657,E-4,19625,12,80,90
1658,G#3,19625,12,80,90
1659,G#4,19650,12,80,90
1660,E-4,19650,12,80,90
1661,B4,19675,12,80,90
1662,G#4,19675,12,80,90
1663,B5,19700,12,80,90
1664,B4,19700,12,80,90
1665,G#5,19725,12,80,90
1666,B5,19725,12,80,90
1667,E-5,19750,12,80,90
1668,G#5,19750,12,80,90
1669,G#4,19775,12,80,90
1670,E-5,19775,12,80,90
1671,G#3,19800,12,80,90
1672,G#4,19800,12,80,90
1673,E-3,19800,189,96,90
1674,E-4,19825,12,80,90
1675,G#3,19825,12,80,90
1676,G#4,19850,12,80,90
1677,E-4,19850,12,80,90
1678,B4,19875,12,80,90
1679,G#4,19875,12,80,90
1680,B5,19900,12,80,90
1681,B4,19900,12,80,90
1682,B2,19900,94,96,90
1683,G#5,19925,12,80,90
1684,B5,19925,12,80,90
1685,E-5,19950,12,80,90
1686,G#5,19950,12,80,90
1687,G#4,19975,12,80,90
1688,E-5,19975,12,80,90
1689,A3,20000,12,80,90
1690,G#4,20000,12,80,90
1691,E3,20000,189,96,90
1692,A2,20000,284,96,90
1693,C#4,20025,12,80,90
1694,A3,20025,12,80,90
1695,E4,20050,12,80,90
1696,C#4,20050,12,80,90
1697,A4,20075,12,80,90
1698,E4,20075,12,80,90
1699,A5,20100,12,80,90
1700,A4,20100,12,80,90
1701,E5,20125,12,80,90
1702,A5,20125,12,80,90
1703,C#5,20150,12,80,90
1704,E5,20150,12,80,90
1705,A4,20175,12,80,90
1706,C#5,20175,12,80,90
1707,A3,20200,12,80,90
1708,A4,20200,12,80,90
1709,A3,20200,189,96,90
1710,C#4,20225,12,80,90
1711,A3,20225,12,80,90
1712,E4,20250,12,80,90
1713,C#4,20250,12,80,90
1714,A4,20275,12,80,90
1715,E4,20275,12,80,90
1716,A5,20300,12,80,90
1717,A4,20300,12,80,90
1718,G#2,20300,47,96,90
1719,E5,20325,12,80,90
1720,A5,20325,12,80,90
1721,C#5,20350,12,80,90
1722,E5,20350,12,80,90
1723,F#2,20350,47,96,90
1724,A4,20375,12,80,90
1725,C#5,20375,12,80,90
1726,E3,20400,12,80,90
1727,A4,20400,12,80,90
1728,G#3,20400,189,96,90
1729,E2,20400,379,96,90
1730,B3,20425,12,80,90
1731,E3,20425,12,80,90
1732,E4,20450,12,80,90
1733,B3,20450,12,80,90
1734,G#4,20475,12,80,90
1735,E4,20475,12,80,90
1736,G#5,20500,12,80,90
1737,G#4,20500,12,80,90
1738,E5,20525,12,80,90
1739,G#5,20525,12,80,90
1740,B4,20550,12,80,90
1741,E5,20550,12,80,90
1742,E4,20575,12,80,90
1743,B4,20575,12,80,90
1744,E3,20600,12,80,90
1745,E4,20600,12,80,90
1746,F#3,20600,94,96,90
1747,B3,20625,12,80,90
1748,E3,20625,12,80,90
1749,E4,20650,12,80,90
1750,B3,20650,12,80,90
1751,G#4,20675,12,80,90
1752,E4,20675,12,80,90
1753,G#5,20700,12,80,90
1754,G#4,20700,12,80,90
1755,E3,20700,94,96,90
1756,E5,20725,12,80,90
1757,G#5,20725,12,80,90
1758,B4,20750,12,80,90
1759,E5,20750,12,80,90
1760,E4,20775,12,80,90
1761,B4,20775,12,80,90
1762,E3,20800,12,80,90
1763,E4,20800,12,80,90
1764,B-3,20800,189,96,90
1765,E3,20800,284,96,90
1766,B-3,20825,12,80,90
1767,E3,20825,12,80,90
1768,D4,20850,12,80,90
1769,B-3,20850,12,80,90
1770,G#4,20875,12,80,90
1771,D4,20875,12,80,90
1772,G#5,20900,12,80,90
1773,G#4,20900,12,80,90
1774,D5,20925,12,80,90
1775,G#5,20925,12,80,90
1776,B-4,20950,12,80,90
1777,D5,20950,12,80,90
1778,E4,20975,12,80,90
1779,B-4,20975,12,80,90
1780,E3,21000,12,80,90
1781,E4,21000,12,80,90
1782,D4,21000,189,96,90
1783,B-3,21025,12,80,90
1784,E3,21025,12,80,90
1785,D4,21050,12,80,90
1786,B-3,21050,12,80,90
1787,G#4,21075,12,80,90
1788,D4,21075,12,80,90
1789,G#5,21100,12,80,90
1790,G#4,21100,12,80,90
1791,E-3,21100,47,96,90
1792,D5,21125,12,80,90
1793,G#5,21125,12,80,90
1794,B-4,21150,12,80,90
1795,D5,21150,12,80,90
1796,C#3,21150,47,96,90
1797,E4,21175,12,80,90
1798,B-4,21175,12,80,90
1799,E-3,21200,12,80,90
1800,E4,21200,12,80,90
1801,C#4,21200,189,96,90
1802,E-3,21200,284,96,90
1803,C#4,21225,12,80,90
1804,E-3,21225,12,80,90
1805,G4,21250,12,80,90
1806,C#4,21250,12,80,90
1807,B-4,21275,12,80,90
1808,G4,21275,12,80,90
1809,B-5,21300,12,80,90
1810,B-4,21300,12,80,90
1811,G5,21325,12,80,90
1812,B-5,21325,12,80,90
1813,C#5,21350,12,80,90
1814,G5,21350,12,80,90
1815,E-4,21375,12,80,90
1816,C#5,21375,12,80,90
1817,E-3,21400,12,80,90
1818,E-4,21400,12,80,90
1819,B3,21400,94,96,90
1820,C#4,21425,12,80,90
1821,E-3,21425,12,80,90
1822,G4,21450,12,80,90
1823,C#4,21450,12,80,90
1824,B-4,21475,12,80,90
1825,G4,21475,12,80,90
1826,B-5,21500,12,80,90
1827,B-4,21500,12,80,90
1828,B-3,21500,94,96,90
1829,F3,21500,47,96,90
1830,G5,21525,12,80,90
1831,B-5,21525,12,80,90
1832,C#5,21550,12,80,90
1833,G5,21550,12,80,90
1834,G3,21550,47,96,90
1835,E-4,21575,12,80,90
1836,C#5,21575,12,80,90
1837,G#3,21600,12,80,90
1838,E-4,21600,12,80,90
1839,E4,21600,189,96,90
1840,G#3,21600,284,96,90
1841,C#4,21625,12,80,90
1842,G#3,21625,12,80,90
1843,E4,21650,12,80,90
1844,C#4,21650,12,80,90
1845,G#4,21675,12,80,90
1846,E4,21675,12,80,90
1847,G#5,21700,12,80,90
1848,G#4,21700,12,80,90
1849,E5,21725,12,80,90
1850,G#5,21725,12,80,90
1851,C#5,21750,12,80,90
1852,E5,21750,12,80,90
1853,G#4,21775,12,80,90
1854,C#5,21775,12,80,90
1855,G#3,21800,12,80,90
1856,G#4,21800,12,80,90
1857,C#4,21800,189,96,90
1858,C#4,21825,12,80,90
1859,G#3,21825,12,80,90
1860,E4,21850,12,80,90
1861,C#4,21850,12,80,90
1862,G#4,21875,12,80,90
1863,E4,21875,12,80,90
1864,G#5,21900,12,80,90
1865,G#4,21900,12,80,90
1866,C#3,21900,94,96,90
1867,E5,21925,12,80,90
1868,G#5,21925,12,80,90
1869,C#5,21950,12,80,90
1870,E5,21950,12,80,90
1871,G#4,21975,12,80,90
1872,C#5,21975,12,80,90
1873,G#3,22000,12,80,90
1874,G#4,22000,12,80,90
1875,F#4,22000,379,96,90
1876,G#2,22000,189,96,90
1877,E-4,22025,12,80,90
1878,G#3,22025,12,80,90
1879,F#4,22050,12,80,90
1880,E-4,22050,12,80,90
1881,C5,22075,12,80,90
1882,F#4,22075,12,80,90
1883,C6,22100,12,80,90
1884,C5,22100,12,80,90
1885,G#3,22100,94,96,90
1886,F#5,22125,12,80,90
1887,C6,22125,12,80,90
1888,E-5,22150,12,80,90
1889,F#5,22150,12,80,90
1890,G#4,22175,12,80,90
1891,E-5,22175,12,80,90
1892,G#3,22200,12,80,90
1893,G#4,22200,12,80,90
1894,F#3,22200,94,96,90
1895,C3,22200,189,96,90
1896,E-4,22225,12,80,90
1897,G#3,22225,12,80,90
1898,F#4,22250,12,80,90
1899,E-4,22250,12,80,90
1900,C5,22275,12,80,90
1901,F#4,22275,12,80,90
1902,C6,22300,12,80,90
1903,C5,22300,12,80,90
1904,E-3,22300,94,96,90
1905,F#5,22325,12,80,90
1906,C6,22325,12,80,90
1907,E-5,22350,12,80,90
1908,F#5,22350,12,80,90
1909,G#4,22375,12,80,90
1910,E-5,22375,12,80,90
1911,C#4,22400,12,80,90
1912,G#4,22400,12,80,90
1913,C#3,22400,94,96,90
1914,C#3,22400,284,96,90
1915,E4,22425,12,80,90
1916,C#4,22425,12,80,90
1917,G#4,22450,12,80,90
1918,E4,22450,12,80,90
1919,C#5,22475,12,80,90
1920,G#4,22475,12,80,90
1921,C#6,22500,12,80,90
1922,C#5,22500,12,80,90
1923,E-3,22500,94,96,90
1924,G#5,22525,12,80,90
1925,C#6,22525,12,80,90
1926,E5,22550,12,80,90
1927,G#5,22550,12,80,90
1928,C#5,22575,12,80,90
1929,E5,22575,12,80,90
1930,C#4,22600,12,80,90
1931,C#5,22600,12,80,90
1932,E3,22600,94,96,90
1933,E4,22625,12,80,90
1934,C#4,22625,12,80,90
1935,G#4,22650,12,80,90
1936,E4,22650,12,80,90
1937,C#5,22675,12,80,90
1938,G#4,22675,12,80,90
1939,C#6,22700,12,80,90
1940,C#5,22700,12,80,90
1941,F#3,22700,94,96,90
1942,B2,22700,47,96,90
1943,G#5,22725,12,80,90
1944,C#6,22725,12,80,90
1945,E5,22750,12,80,90
1946,G#5,22750,12,80,90
1947,A2,22750,47,96,90
1948,C#5,22775,12,80,90
1949,E5,22775,12,80,90
1950,G#3,22800,12,80,90
1951,C#5,22800,12,80,90
1952,G#3,22800,189,96,90
1953,G#2,22800,284,96,90
1954,E-4,22825,12,80,90
1955,G#3,22825,12,80,90
1956,G#4,22850,12,80,90
1957,E-4,22850,12,80,90
1958,B4,22875,12,80,90
1959,G#4,22875,12,80,90
1960,B5,22900,12,80,90
1961,B4,22900,12,80,90
1962,G#5,22925,12,80,90
1963,B5,22925,12,80,90
1964,E-5,22950,12,80,90
1965,G#5,22950,12,80,90
1966,G#4,22975,12,80,90
1967,E-5,22975,12,80,90
1968,G#3,23000,12,80,90
1969,G#4,23000,12,80,90
1970,E-3,23000,189,96,90
1971,E-4,23025,12,80,90
1972,G#3,23025,12,80,90
1973,G#4,23050,12,80,90
1974,E-4,23050,12,80,90
1975,B4,23075,12,80,90
1976,G#4,23075,12,80,90
1977,B5,23100,12,80,90
1978,B4,23100,12,80,90
1979,B2,23100,94,96,90
1980,G#5,23125,12,80,90
1981,B5,23125,12,80,90
1982,E-5,23150,12,80,90
1983,G#5,23150,12,80,90
1984,G#4,23175,12,80,90
1985,E-5,23175,12,80,90
1986,A3,23200,12,80,90
1987,G#4,23200,12,80,90
1988,E3,23200,94,96,90
1989,A2,23200,284,96,90
1990,C#4,23225,12,80,90
1991,A3,23225,12,80,90
1992,E4,23250,12,80,90
1993,C#4,23250,12,80,90
1994,A4,23275,12,80,90
1995,E4,23275,12,80,90
1996,A5,23300,12,80,90
1997,A4,23300,12,80,90
1998,G#3,23300,94,96,90
1999,E5,23325,12,80,90
2000,A5,23325,12,80,90
2001,C#5,23350,12,80,90
2002,E5,23350,12,80,90
2003,A4,23375,12,80,90
2004,C#5,23375,12,80,90
2005,A3,23400,12,80,90
2006,A4,23400,12,80,90
2007,A3,23400,94,96,90
2008,C#4,23425,12,80,90
2009,A3,23425,12,80,90
2010,E4,23450,12,80,90
2011,C#4,23450,12,80,90
2012,A4,23475,12,80,90
2013,E4,23475,12,80,90
2014,A5,23500,12,80,90
2015,A4,23500,12,80,90
2016,E3,23500,94,96,90
2017,G#2,23500,47,96,90
2018,E5,23525,12,80,90
2019,A5,23525,12,80,90
2020,C#5,23550,12,80,90
2021,E5,23550,12,80,90
2022,F#2,23550,47,96,90
2023,A4,23575,12,80,90
2024,C#5,23575,12,80,90
2025,E3,23600,12,80,90
2026,A4,23600,12,80,90
2027,G#3,23600,189,96,90
2028,E2,23600,379,96,90
2029,B3,23625,12,80,90
2030,E3,23625,12,80,90
2031,E4,23650,12,80,90
2032,B3,23650,12,80,90
2033,G#4,23675,12,80,90
2034,E4,23675,12,80,90
2035,G#5,23700,12,80,90
2036,G#4,23700,12,80,90
2037,E5,23725,12,80,90
2038,G#5,23725,12,80,90
2039,B4,23750,12,80,90
2040,E5,23750,12,80,90
2041,E4,23775,12,80,90
2042,B4,23775,12,80,90
2043,E3,23800,12,80,90
2044,E4,23800,12,80,90
2045,F#3,23800,94,96,90
2046,B3,23825,12,80,90
2047,E3,23825,12,80,90
2048,E4,23850,12,80,90
2049,B3,23850,12,80,90
2050,G#4,23875,12,80,90
2051,E4,23875,12,80,90
2052,G#5,23900,12,80,90
2053,G#4,23900,12,80,90
2054,E3,23900,94,96,90
2055,E5,23925,12,80,90
2056,G#5,23925,12,80,90
2057,B4,23950,12,80,90
2058,E5,23950,12,80,90
2059,E4,23975,12,80,90
2060,B4,23975,12,80,90
2061,E3,24000,12,80,90
2062,E4,24000,12,80,90
2063,B-3,24000,94,96,90
2064,E3,24000,284,96,90
2065,B-3,24025,12,80,90
2066,E3,24025,12,80,90
2067,D4,24050,12,80,90
2068,B-3,24050,12,80,90
2069,G#4,24075,12,80,90
2070,D4,24075,12,80,90
2071,G#5,24100,12,80,90
2072,G#4,24100,12,80,90
2073,B3,24100,94,96,90
2074,D5,24125,12,80,90
2075,G#5,24125,12,80,90
2076,B-4,24150,12,80,90
2077,D5,24150,12,80,90
2078,E4,24175,12,80,90
2079,B-4,24175,12,80,90
2080,E3,24200,12,80,90
2081,E4,24200,12,80,90
2082,D4,24200,189,96,90
2083,B-3,24225,12,80,90
2084,E3,24225,12,80,90
2085,D4,24250,12,80,90
2086,B-3,24250,12,80,90
2087,G#4,24275,12,80,90
2088,D4,24275,12,80,90
2089,G#5,24300,12,80,90
2090,G#4,24300,12,80,90
2091,E-3,24300,47,96,90
2092,D5,24325,12,80,90
2093,G#5,24325,12,80,90
2094,B-4,24350,12,80,90
2095,D5,24350,12,80,90
2096,C#3,24350,47,96,90
2097,E4,24375,12,80,90
2098,B-4,24375,12,80,90
2099,E-3,24400,12,80,90
2100,E4,24400,12,80,90
2101,C#4,24400,189,96,90
2102,E-3,24400,284,96,90
2103,C#4,24425,12,80,90
2104,E-3,24425,12,80,90
2105,G4,24450,12,80,90
2106,C#4,24450,12,80,90
2107,B-4,24475,12,80,90
2108,G4,24475,12,80,90
2109,B-5,24500,12,80,90
2110,B-4,24500,12,80,90
2111,G5,24525,12,80,90
2112,B-5,24525,12,80,90
2113,C#5,24550,12,80,90
2114,G5,24550,12,80,90
2115,E-4,24575,12,80,90
2116,C#5,24575,12,80,90
2117,E-3,24600,12,80,90
2118,E-4,24600,12,80,90
2119,B3,24600,94,96,90
2120,C#4,24625,12,80,90
2121,E-3,24625,12,80,90
2122,G4,24650,12,80,90
2123,C#4,24650,12,80,90
2124,B-4,24675,12,80,90
2125,G4,24675,12,80,90
2126,B-5,24700,12,80,90
2127,B-4,24700,12,80,90
2128,B-3,24700,94,96,90
2129,F3,24700,47,96,90
2130,G5,24725,12,80,90
2131,B-5,24725,12,80,90
2132,C#5,24750,12,80,90
2133,G5,24750,12,80,90
2134,G3,24750,47,96,90
2135,E-4,24775,12,80,90
2136,C#5,24775,12,80,90
2137,G#3,24800,12,80,90
2138,E-4,24800,12,80,90
2139,E4,24800,94,96,90
2140,G#3,24800,284,96,90
2141,C#4,24825,12,80,90
2142,G#3,24825,12,80,90
2143,E4,24850,12,80,90
2144,C#4,24850,12,80,90
2145,G#4,24875,12,80,90
2146,E4,24875,12,80,90
2147,G#5,24900,12,80,90
2148,G#4,24900,12,80,90
2149,E-4,24900,94,96,90
2150,E5,24925,12,80,90
2151,G#5,24925,12,80,90
2152,C#5,24950,12,80,90
2153,E5,24950,12,80,90
2154,G#4,24975,12,80,90
2155,C#5,24975,12,80,90
2156,G#3,25000,12,80,90
2157,G#4,25000,12,80,90
2158,C#4,25000,189,96,90
2159,C#4,25025,12,80,90
2160,G#3,25025,12,80,90
2161,E4,25050,12,80,90
2162,C#4,25050,12,80,90
2163,G#4,25075,12,80,90
2164,E4,25075,12,80,90
2165,G#5,25100,12,80,90
2166,G#4,25100,12,80,90
2167,C#3,25100,94,96,90
2168,E5,25125,12,80,90
2169,G#5,25125,12,80,90
2170,C#5,25150,12,80,90
2171,E5,25150,12,80,90
2172,G#4,25175,12,80,90
2173,C#5,25175,12,80,90
2174,G#3,25200,12,80,90
2175,G#4,25200,12,80,90
2176,F#4,25200,379,96,90
2177,G#2,25200,189,96,90
2178,E-4,25225,12,80,90
2179,G#3,25225,12,80,90
2180,F#4,25250,12,80,90
2181,E-4,25250,12,80,90
2182,C5,25275,12,80,90
2183,F#4,25275,12,80,90
2184,C6,25300,12,80,90
2185,C5,25300,12,80,90
2186,F#5,25325,12,80,90
2187,C6,25325,12,80,90
2188,E-5,25350,12,80,90
2189,F#5,25350,12,80,90
2190,G#4,25375,12,80,90
2191,E-5,25375,12,80,90
2192,G#3,25400,12,80,90
2193,G#4,25400,12,80,90
2194,C3,25400,189,96,90
2195,E-4,25425,12,80,90
2196,G#3,25425,12,80,90
2197,F#4,25450,12,80,90
2198,E-4,25450,12,80,90
2199,C5,25475,12,80,90
2200,F#4,25475,12,80,90
2201,C6,25500,16,80,90
2202,C5,25500,16,80,90
2203,F#5,25533,16,80,90
2204,C6,25533,16,80,90
2205,E-5,25566,16,80,90
2206,F#5,25566,16,80,90
2207,G#4,25600,24,80,90
2208,E-5,25600,24,80,90
2209,C#3,25600,284,96,90
2210,E3,25800,94,96,90
2211,F#3,25900,94,96,90
2212,B2,25900,47,96,90
2213,A2,25950,47,96,90
2214,G#3,26000,189,96,90
2215,G#2,26000,284,96,90
2216,E-3,26200,189,96,90
2217,B2,26300,94,96,90
2218,E3,26400,189,96,90
2219,A2,26400,284,96,90
2220,A3,26600,189,96,90
2221,G#2,26700,47,96,90
2222,F#2,26750,47,96,90
2223,G#3,26800,189,96,90
2224,E2,26800,379,96,90
2225,F#3,27000,94,96,90
2226,E3,27100,94,96,90
2227,B-3,27200,189,96,90
2228,E3,27200,284,96,90
2229,D4,27400,189,96,90
2230,E-3,27500,47,96,90
2231,C#3,27550,47,96,90
2232,C#4,27600,189,96,90
2233,E-3,27600,284,96,90
2234,B3,27800,94,96,90
2235,B-3,27900,94,96,90
2236,F3,27900,47,96,90
2237,G3,27950,47,96,90
2238,E4,28000,189,96,90
2239,G#3,28000,284,96,90
2240,C#4,28200,189,96,90
2241,C#3,28300,94,96,90
2242,F#4,28400,379,96,90
2243,G#2,28400,189,96,90
2244,G#3,28500,94,96,90
2245,F#3,28600,94,96,90
2246,C3,28600,189,96,90
2247,E-3,28700,94,96,90
2248,C#3,28800,94,96,90
2249,C#3,28800,284,96,90
2250,E-3,28900,94,96,90
2251,E3,29000,94,96,90
2252,F#3,29100,94,96,90
2253,B2,29100,47,96,90
2254,A2,29150,47,96,90
2255,G#3,29200,189,96,90
2256,G#2,29200,284,96,90
2257,E-3,29400,189,96,90
2258,B2,29500,94,96,90
2259,E3,29600,94,96,90
2260,A2,29600,284,96,90
2261,G#3,29700,94,96,90
2262,A3,29800,94,96,90
2263,E3,29900,94,96,90
2264,G#2,29900,47,96,90
2265,F#2,29950,47,96,90
2266,G#3,30000,189,96,90
2267,E2,30000,379,96,90
2268,F#3,30200,94,96,90
2269,E3,30300,94,96,90
2270,B-3,30400,94,96,90
2271,E3,30400,284,96,90
2272,B3,30500,94,96,90
2273,D4,30600,189,96,90
2274,E-3,30700,47,96,90
2275,C#3,30750,47,96,90
2276,C#4,30800,189,96,90
2277,E-3,30800,284,96,90
2278,B3,31000,94,96,90
2279,B-3,31100,94,96,90
2280,F3,31100,47,96,90
2281,G3,31150,47,96,90
2282,E4,31200,94,96,90
2283,G#3,31200,284,96,90
2284,E-4,31300,94,96,90
2285,C#4,31400,189,96,90
2286,C#3,31500,94,96,90
2287,F#4,31600,378,96,90
2288,G#2,31600,378,96,90
