Track,Event Type,Midi Note,Note Name,Velocity,Duration (seconds),Time (seconds)
0,note_on,49,C#3,0.503937008,0.165972056,0
0,note_on,36,C2,0.503937008,0.332638556,0
2,note_on,72,C5,0.503937008,0.165972056,0
4,note_on,69,A4,0.503937008,0.165972056,0
6,note_on,64,E4,0.503937008,0.165972056,0
8,note_on,53,F3,0.503937008,0.165972056,0
0,note_on,42,F#2,0.503937008,0.165972056,0.1666665
0,note_on,42,F#2,0.503937008,0.165972056,0.333333
0,note_on,36,C2,0.503937008,0.332638556,0.333333
2,note_on,72,C5,0.503937008,0.165972056,0.333333
4,note_on,69,A4,0.503937008,0.165972056,0.333333
6,note_on,64,E4,0.503937008,0.165972056,0.333333
8,note_on,53,F3,0.503937008,0.165972056,0.333333
0,note_on,42,F#2,0.503937008,0.165972056,0.4999995
0,note_on,38,D2,0.503937008,0.165972056,0.666666
0,note_on,42,F#2,0.503937008,0.165972056,0.666666
2,note_on,72,C5,0.503937008,0.165972056,0.666666
4,note_on,69,A4,0.503937008,0.165972056,0.666666
6,note_on,64,E4,0.503937008,0.165972056,0.666666
8,note_on,53,F3,0.503937008,0.165972056,0.666666
0,note_on,42,F#2,0.503937008,0.165972056,0.8333325
0,note_on,42,F#2,0.503937008,0.165972056,0.999999
0,note_on,36,C2,0.503937008,0.165972056,0.999999
2,note_on,72,C5,0.503937008,0.082638806,0.999999
4,note_on,69,A4,0.503937008,0.082638806,0.999999
6,note_on,64,E4,0.503937008,0.082638806,0.999999
8,note_on,53,F3,0.503937008,0.082638806,0.999999
0,note_on,42,F#2,0.503937008,0.165972056,1.1666655
0,note_on,36,C2,0.503937008,0.165972056,1.1666655
2,note_on,72,C5,0.503937008,0.082638806,1.1666655
4,note_on,69,A4,0.503937008,0.082638806,1.1666655
6,note_on,64,E4,0.503937008,0.082638806,1.1666655
8,note_on,53,F3,0.503937008,0.082638806,1.1666655
0,note_on,42,F#2,0.503937008,0.165972056,1.333332
0,note_on,36,C2,0.503937008,0.332638556,1.333332
2,note_on,71,B4,0.503937008,0.165972056,1.333332
4,note_on,67,G4,0.503937008,0.165972056,1.333332
6,note_on,62,D4,0.503937008,0.165972056,1.333332
8,note_on,53,F3,0.503937008,0.165972056,1.333332
0,note_on,42,F#2,0.503937008,0.165972056,1.4999985
0,note_on,42,F#2,0.503937008,0.165972056,1.666665
0,note_on,36,C2,0.503937008,0.332638556,1.666665
2,note_on,71,B4,0.503937008,0.165972056,1.666665
4,note_on,67,G4,0.503937008,0.165972056,1.666665
6,note_on,62,D4,0.503937008,0.165972056,1.666665
8,note_on,53,F3,0.503937008,0.165972056,1.666665
0,note_on,42,F#2,0.503937008,0.165972056,1.8333315
0,note_on,38,D2,0.503937008,0.165972056,1.999998
0,note_on,42,F#2,0.503937008,0.165972056,1.999998
2,note_on,71,B4,0.503937008,0.165972056,1.999998
4,note_on,67,G4,0.503937008,0.165972056,1.999998
6,note_on,62,D4,0.503937008,0.165972056,1.999998
8,note_on,53,F3,0.503937008,0.165972056,1.999998
0,note_on,42,F#2,0.503937008,0.165972056,2.1666645
0,note_on,42,F#2,0.503937008,0.165972056,2.333331
2,note_on,72,C5,0.503937008,0.165972056,2.333331
4,note_on,67,G4,0.503937008,0.165972056,2.333331
6,note_on,62,D4,0.503937008,0.165972056,2.333331
8,note_on,53,F3,0.503937008,0.165972056,2.333331
0,note_on,42,F#2,0.503937008,0.165972056,2.4999975
0,note_on,36,C2,0.503937008,0.165972056,2.4999975
0,note_on,46,A#2,0.503937008,0.165972056,2.666664
0,note_on,36,C2,0.503937008,0.332638556,2.666664
2,note_on,74,D5,0.503937008,0.165972056,2.666664
4,note_on,67,G4,0.503937008,0.165972056,2.666664
6,note_on,64,E4,0.503937008,0.165972056,2.666664
8,note_on,52,E3,0.503937008,0.165972056,2.666664
0,note_on,42,F#2,0.503937008,0.165972056,2.8333305
0,note_on,42,F#2,0.503937008,0.165972056,2.999997
0,note_on,36,C2,0.503937008,0.332638556,2.999997
2,note_on,74,D5,0.503937008,0.165972056,2.999997
4,note_on,67,G4,0.503937008,0.165972056,2.999997
6,note_on,64,E4,0.503937008,0.165972056,2.999997
8,note_on,52,E3,0.503937008,0.165972056,2.999997
0,note_on,42,F#2,0.503937008,0.165972056,3.1666635
0,note_on,38,D2,0.503937008,0.165972056,3.33333
0,note_on,42,F#2,0.503937008,0.165972056,3.33333
2,note_on,74,D5,0.503937008,0.165972056,3.33333
4,note_on,67,G4,0.503937008,0.165972056,3.33333
6,note_on,64,E4,0.503937008,0.165972056,3.33333
8,note_on,52,E3,0.503937008,0.165972056,3.33333
0,note_on,42,F#2,0.503937008,0.165972056,3.4999965
0,note_on,42,F#2,0.503937008,0.165972056,3.666663
0,note_on,36,C2,0.503937008,0.165972056,3.666663
2,note_on,74,D5,0.503937008,0.082638806,3.666663
4,note_on,67,G4,0.503937008,0.082638806,3.666663
6,note_on,64,E4,0.503937008,0.082638806,3.666663
8,note_on,52,E3,0.503937008,0.082638806,3.666663
0,note_on,42,F#2,0.503937008,0.165972056,3.8333295
0,note_on,36,C2,0.503937008,0.165972056,3.8333295
2,note_on,71,B4,0.503937008,0.082638806,3.8333295
4,note_on,67,G4,0.503937008,0.082638806,3.8333295
6,note_on,64,E4,0.503937008,0.082638806,3.8333295
8,note_on,52,E3,0.503937008,0.082638806,3.8333295
0,note_on,42,F#2,0.503937008,0.165972056,3.999996
0,note_on,36,C2,0.503937008,0.332638556,3.999996
2,note_on,72,C5,0.503937008,0.165972056,3.999996
4,note_on,67,G4,0.503937008,0.165972056,3.999996
6,note_on,64,E4,0.503937008,0.165972056,3.999996
8,note_on,57,A3,0.503937008,0.165972056,3.999996
0,note_on,42,F#2,0.503937008,0.165972056,4.1666625
0,note_on,42,F#2,0.503937008,0.165972056,4.333329
0,note_on,36,C2,0.503937008,0.332638556,4.333329
2,note_on,72,C5,0.503937008,0.165972056,4.333329
4,note_on,67,G4,0.503937008,0.165972056,4.333329
6,note_on,64,E4,0.503937008,0.165972056,4.333329
8,note_on,57,A3,0.503937008,0.165972056,4.333329
0,note_on,42,F#2,0.503937008,0.165972056,4.4999955
0,note_on,38,D2,0.503937008,0.165972056,4.666662
0,note_on,42,F#2,0.503937008,0.165972056,4.666662
2,note_on,72,C5,0.503937008,0.165972056,4.666662
4,note_on,67,G4,0.503937008,0.165972056,4.666662
6,note_on,64,E4,0.503937008,0.165972056,4.666662
8,note_on,57,A3,0.503937008,0.165972056,4.666662
0,note_on,42,F#2,0.503937008,0.165972056,4.8333285
0,note_on,38,D2,0.503937008,0.165972056,4.999995
0,note_on,42,F#2,0.503937008,0.165972056,4.999995
2,note_on,72,C5,0.503937008,0.165972056,4.999995
4,note_on,67,G4,0.503937008,0.165972056,4.999995
6,note_on,64,E4,0.503937008,0.165972056,4.999995
8,note_on,57,A3,0.503937008,0.165972056,4.999995
0,note_on,42,F#2,0.503937008,0.165972056,5.1666615
0,note_on,36,C2,0.503937008,0.165972056,5.1666615
0,note_on,49,C#3,0.503937008,0.165972056,5.333328
0,note_on,36,C2,0.503937008,0.332638556,5.333328
2,note_on,72,C5,0.503937008,0.165972056,5.333328
4,note_on,69,A4,0.503937008,0.165972056,5.333328
6,note_on,64,E4,0.503937008,0.165972056,5.333328
8,note_on,53,F3,0.503937008,0.165972056,5.333328
0,note_on,42,F#2,0.503937008,0.165972056,5.4999945
0,note_on,42,F#2,0.503937008,0.165972056,5.666661
0,note_on,36,C2,0.503937008,0.332638556,5.666661
2,note_on,72,C5,0.503937008,0.165972056,5.666661
4,note_on,69,A4,0.503937008,0.165972056,5.666661
6,note_on,64,E4,0.503937008,0.165972056,5.666661
8,note_on,53,F3,0.503937008,0.165972056,5.666661
0,note_on,42,F#2,0.503937008,0.165972056,5.8333275
0,note_on,38,D2,0.503937008,0.165972056,5.999994
0,note_on,42,F#2,0.503937008,0.165972056,5.999994
2,note_on,72,C5,0.503937008,0.165972056,5.999994
4,note_on,69,A4,0.503937008,0.165972056,5.999994
6,note_on,64,E4,0.503937008,0.165972056,5.999994
8,note_on,53,F3,0.503937008,0.165972056,5.999994
0,note_on,42,F#2,0.503937008,0.165972056,6.1666605
0,note_on,42,F#2,0.503937008,0.165972056,6.333327
0,note_on,36,C2,0.503937008,0.165972056,6.333327
2,note_on,72,C5,0.503937008,0.082638806,6.333327
4,note_on,69,A4,0.503937008,0.082638806,6.333327
6,note_on,64,E4,0.503937008,0.082638806,6.333327
8,note_on,53,F3,0.503937008,0.082638806,6.333327
0,note_on,42,F#2,0.503937008,0.165972056,6.4999935
0,note_on,36,C2,0.503937008,0.165972056,6.4999935
2,note_on,72,C5,0.503937008,0.082638806,6.4999935
4,note_on,69,A4,0.503937008,0.082638806,6.4999935
6,note_on,64,E4,0.503937008,0.082638806,6.4999935
8,note_on,53,F3,0.503937008,0.082638806,6.4999935
0,note_on,42,F#2,0.503937008,0.165972056,6.66666
0,note_on,36,C2,0.503937008,0.332638556,6.66666
2,note_on,71,B4,0.503937008,0.165972056,6.66666
4,note_on,67,G4,0.503937008,0.165972056,6.66666
6,note_on,62,D4,0.503937008,0.165972056,6.66666
8,note_on,53,F3,0.503937008,0.165972056,6.66666
0,note_on,42,F#2,0.503937008,0.165972056,6.8333265
0,note_on,42,F#2,0.503937008,0.165972056,6.999993
0,note_on,36,C2,0.503937008,0.332638556,6.999993
2,note_on,71,B4,0.503937008,0.165972056,6.999993
4,note_on,67,G4,0.503937008,0.165972056,6.999993
6,note_on,62,D4,0.503937008,0.165972056,6.999993
8,note_on,53,F3,0.503937008,0.165972056,6.999993
0,note_on,42,F#2,0.503937008,0.165972056,7.1666595
0,note_on,38,D2,0.503937008,0.165972056,7.333326
0,note_on,42,F#2,0.503937008,0.165972056,7.333326
2,note_on,71,B4,0.503937008,0.165972056,7.333326
4,note_on,67,G4,0.503937008,0.165972056,7.333326
6,note_on,62,D4,0.503937008,0.165972056,7.333326
8,note_on,53,F3,0.503937008,0.165972056,7.333326
0,note_on,42,F#2,0.503937008,0.165972056,7.4999925
0,note_on,42,F#2,0.503937008,0.165972056,7.666659
2,note_on,72,C5,0.503937008,0.165972056,7.666659
4,note_on,67,G4,0.503937008,0.165972056,7.666659
6,note_on,62,D4,0.503937008,0.165972056,7.666659
8,note_on,53,F3,0.503937008,0.165972056,7.666659
0,note_on,42,F#2,0.503937008,0.165972056,7.8333255
0,note_on,36,C2,0.503937008,0.165972056,7.8333255
0,note_on,46,A#2,0.503937008,0.165972056,7.999992
0,note_on,36,C2,0.503937008,0.332638556,7.999992
2,note_on,74,D5,0.503937008,0.165972056,7.999992
4,note_on,67,G4,0.503937008,0.165972056,7.999992
6,note_on,64,E4,0.503937008,0.165972056,7.999992
8,note_on,52,E3,0.503937008,0.165972056,7.999992
0,note_on,42,F#2,0.503937008,0.165972056,8.1666585
0,note_on,42,F#2,0.503937008,0.165972056,8.333325
0,note_on,36,C2,0.503937008,0.332638556,8.333325
2,note_on,74,D5,0.503937008,0.165972056,8.333325
4,note_on,67,G4,0.503937008,0.165972056,8.333325
6,note_on,64,E4,0.503937008,0.165972056,8.333325
8,note_on,52,E3,0.503937008,0.165972056,8.333325
0,note_on,42,F#2,0.503937008,0.165972056,8.4999915
0,note_on,38,D2,0.503937008,0.165972056,8.666658
0,note_on,42,F#2,0.503937008,0.165972056,8.666658
2,note_on,74,D5,0.503937008,0.165972056,8.666658
4,note_on,67,G4,0.503937008,0.165972056,8.666658
6,note_on,64,E4,0.503937008,0.165972056,8.666658
8,note_on,52,E3,0.503937008,0.165972056,8.666658
0,note_on,42,F#2,0.503937008,0.165972056,8.8333245
0,note_on,42,F#2,0.503937008,0.165972056,8.999991
0,note_on,36,C2,0.503937008,0.165972056,8.999991
2,note_on,74,D5,0.503937008,0.082638806,8.999991
4,note_on,67,G4,0.503937008,0.082638806,8.999991
6,note_on,64,E4,0.503937008,0.082638806,8.999991
8,note_on,52,E3,0.503937008,0.082638806,8.999991
0,note_on,42,F#2,0.503937008,0.165972056,9.1666575
0,note_on,36,C2,0.503937008,0.165972056,9.1666575
2,note_on,71,B4,0.503937008,0.082638806,9.1666575
4,note_on,67,G4,0.503937008,0.082638806,9.1666575
6,note_on,64,E4,0.503937008,0.082638806,9.1666575
8,note_on,52,E3,0.503937008,0.082638806,9.1666575
0,note_on,42,F#2,0.503937008,0.165972056,9.333324
0,note_on,36,C2,0.503937008,0.332638556,9.333324
2,note_on,72,C5,0.503937008,0.165972056,9.333324
4,note_on,67,G4,0.503937008,0.165972056,9.333324
6,note_on,64,E4,0.503937008,0.165972056,9.333324
8,note_on,57,A3,0.503937008,0.165972056,9.333324
0,note_on,42,F#2,0.503937008,0.165972056,9.4999905
0,note_on,42,F#2,0.503937008,0.165972056,9.666657
0,note_on,36,C2,0.503937008,0.332638556,9.666657
2,note_on,72,C5,0.503937008,0.165972056,9.666657
4,note_on,67,G4,0.503937008,0.165972056,9.666657
6,note_on,64,E4,0.503937008,0.165972056,9.666657
8,note_on,57,A3,0.503937008,0.165972056,9.666657
0,note_on,42,F#2,0.503937008,0.165972056,9.8333235
0,note_on,38,D2,0.503937008,0.165972056,9.99999
0,note_on,42,F#2,0.503937008,0.165972056,9.99999
2,note_on,72,C5,0.503937008,0.165972056,9.99999
4,note_on,67,G4,0.503937008,0.165972056,9.99999
6,note_on,64,E4,0.503937008,0.165972056,9.99999
8,note_on,57,A3,0.503937008,0.165972056,9.99999
0,note_on,42,F#2,0.503937008,0.165972056,10.1666565
0,note_on,38,D2,0.503937008,0.165972056,10.333323
0,note_on,42,F#2,0.503937008,0.165972056,10.333323
2,note_on,72,C5,0.503937008,0.165972056,10.333323
4,note_on,67,G4,0.503937008,0.165972056,10.333323
6,note_on,64,E4,0.503937008,0.165972056,10.333323
8,note_on,57,A3,0.503937008,0.165972056,10.333323
0,note_on,42,F#2,0.503937008,0.165972056,10.4999895
0,note_on,36,C2,0.503937008,0.165972056,10.4999895
10,note_on,76,E5,0.881889764,0.157638731,10.4999895
0,note_on,49,C#3,0.503937008,0.165972056,10.666656
0,note_on,36,C2,0.503937008,0.332638556,10.666656
2,note_on,72,C5,0.503937008,0.165972056,10.666656
4,note_on,69,A4,0.503937008,0.165972056,10.666656
6,note_on,64,E4,0.503937008,0.165972056,10.666656
8,note_on,53,F3,0.503937008,0.165972056,10.666656
10,note_on,77,F5,0.881889764,1.107637781,10.666656
0,note_on,42,F#2,0.503937008,0.165972056,10.8333225
0,note_on,42,F#2,0.503937008,0.165972056,10.999989
0,note_on,36,C2,0.503937008,0.332638556,10.999989
2,note_on,72,C5,0.503937008,0.165972056,10.999989
4,note_on,69,A4,0.503937008,0.165972056,10.999989
6,note_on,64,E4,0.503937008,0.165972056,10.999989
8,note_on,53,F3,0.503937008,0.165972056,10.999989
0,note_on,42,F#2,0.503937008,0.165972056,11.1666555
0,note_on,38,D2,0.503937008,0.165972056,11.333322
0,note_on,42,F#2,0.503937008,0.165972056,11.333322
2,note_on,72,C5,0.503937008,0.165972056,11.333322
4,note_on,69,A4,0.503937008,0.165972056,11.333322
6,note_on,64,E4,0.503937008,0.165972056,11.333322
8,note_on,53,F3,0.503937008,0.165972056,11.333322
0,note_on,42,F#2,0.503937008,0.165972056,11.4999885
0,note_on,42,F#2,0.503937008,0.165972056,11.666655
0,note_on,36,C2,0.503937008,0.165972056,11.666655
2,note_on,72,C5,0.503937008,0.082638806,11.666655
4,note_on,69,A4,0.503937008,0.082638806,11.666655
6,note_on,64,E4,0.503937008,0.082638806,11.666655
8,note_on,53,F3,0.503937008,0.082638806,11.666655
0,note_on,42,F#2,0.503937008,0.165972056,11.8333215
0,note_on,36,C2,0.503937008,0.165972056,11.8333215
2,note_on,72,C5,0.503937008,0.082638806,11.8333215
4,note_on,69,A4,0.503937008,0.082638806,11.8333215
6,note_on,64,E4,0.503937008,0.082638806,11.8333215
8,note_on,53,F3,0.503937008,0.082638806,11.8333215
10,note_on,81,A5,0.881889764,0.157638731,11.8333215
0,note_on,42,F#2,0.503937008,0.165972056,11.999988
0,note_on,36,C2,0.503937008,0.332638556,11.999988
2,note_on,71,B4,0.503937008,0.165972056,11.999988
4,note_on,67,G4,0.503937008,0.165972056,11.999988
6,note_on,62,D4,0.503937008,0.165972056,11.999988
8,note_on,53,F3,0.503937008,0.165972056,11.999988
10,note_on,83,B5,0.881889764,1.107637781,11.999988
0,note_on,42,F#2,0.503937008,0.165972056,12.1666545
0,note_on,42,F#2,0.503937008,0.165972056,12.333321
0,note_on,36,C2,0.503937008,0.332638556,12.333321
2,note_on,71,B4,0.503937008,0.165972056,12.333321
4,note_on,67,G4,0.503937008,0.165972056,12.333321
6,note_on,62,D4,0.503937008,0.165972056,12.333321
8,note_on,53,F3,0.503937008,0.165972056,12.333321
0,note_on,42,F#2,0.503937008,0.165972056,12.4999875
0,note_on,38,D2,0.503937008,0.165972056,12.666654
0,note_on,42,F#2,0.503937008,0.165972056,12.666654
2,note_on,71,B4,0.503937008,0.165972056,12.666654
4,note_on,67,G4,0.503937008,0.165972056,12.666654
6,note_on,62,D4,0.503937008,0.165972056,12.666654
8,note_on,53,F3,0.503937008,0.165972056,12.666654
0,note_on,42,F#2,0.503937008,0.165972056,12.8333205
0,note_on,42,F#2,0.503937008,0.165972056,12.999987
2,note_on,72,C5,0.503937008,0.165972056,12.999987
4,note_on,67,G4,0.503937008,0.165972056,12.999987
6,note_on,62,D4,0.503937008,0.165972056,12.999987
8,note_on,53,F3,0.503937008,0.165972056,12.999987
0,note_on,42,F#2,0.503937008,0.165972056,13.1666535
0,note_on,36,C2,0.503937008,0.165972056,13.1666535
10,note_on,79,G5,0.881889764,0.157638731,13.1666535
0,note_on,46,A#2,0.503937008,0.165972056,13.33332
0,note_on,36,C2,0.503937008,0.332638556,13.33332
2,note_on,74,D5,0.503937008,0.165972056,13.33332
4,note_on,67,G4,0.503937008,0.165972056,13.33332
6,note_on,64,E4,0.503937008,0.165972056,13.33332
8,note_on,52,E3,0.503937008,0.165972056,13.33332
10,note_on,88,E6,0.881889764,1.107637781,13.33332
0,note_on,42,F#2,0.503937008,0.165972056,13.4999865
0,note_on,42,F#2,0.503937008,0.165972056,13.666653
0,note_on,36,C2,0.503937008,0.332638556,13.666653
2,note_on,74,D5,0.503937008,0.165972056,13.666653
4,note_on,67,G4,0.503937008,0.165972056,13.666653
6,note_on,64,E4,0.503937008,0.165972056,13.666653
8,note_on,52,E3,0.503937008,0.165972056,13.666653
0,note_on,42,F#2,0.503937008,0.165972056,13.8333195
0,note_on,38,D2,0.503937008,0.165972056,13.999986
0,note_on,42,F#2,0.503937008,0.165972056,13.999986
2,note_on,74,D5,0.503937008,0.165972056,13.999986
4,note_on,67,G4,0.503937008,0.165972056,13.999986
6,note_on,64,E4,0.503937008,0.165972056,13.999986
8,note_on,52,E3,0.503937008,0.165972056,13.999986
0,note_on,42,F#2,0.503937008,0.165972056,14.1666525
0,note_on,42,F#2,0.503937008,0.165972056,14.333319
0,note_on,36,C2,0.503937008,0.165972056,14.333319
2,note_on,74,D5,0.503937008,0.082638806,14.333319
4,note_on,67,G4,0.503937008,0.082638806,14.333319
6,note_on,64,E4,0.503937008,0.082638806,14.333319
8,note_on,52,E3,0.503937008,0.082638806,14.333319
0,note_on,42,F#2,0.503937008,0.165972056,14.4999855
0,note_on,36,C2,0.503937008,0.165972056,14.4999855
2,note_on,71,B4,0.503937008,0.082638806,14.4999855
4,note_on,67,G4,0.503937008,0.082638806,14.4999855
6,note_on,64,E4,0.503937008,0.082638806,14.4999855
8,note_on,52,E3,0.503937008,0.082638806,14.4999855
10,note_on,88,E6,0.881889764,0.03888885,14.4999855
10,note_on,87,D#6,0.881889764,0.03888885,14.54165212
10,note_on,86,D6,0.881889764,0.03888885,14.58331875
10,note_on,85,C#6,0.881889764,0.03888885,14.62498538
0,note_on,42,F#2,0.503937008,0.165972056,14.666652
0,note_on,36,C2,0.503937008,0.332638556,14.666652
2,note_on,72,C5,0.503937008,0.165972056,14.666652
4,note_on,67,G4,0.503937008,0.165972056,14.666652
6,note_on,64,E4,0.503937008,0.165972056,14.666652
8,note_on,57,A3,0.503937008,0.165972056,14.666652
10,note_on,84,C6,0.881889764,0.315971906,14.666652
0,note_on,42,F#2,0.503937008,0.165972056,14.8333185
0,note_on,42,F#2,0.503937008,0.165972056,14.999985
0,note_on,36,C2,0.503937008,0.332638556,14.999985
2,note_on,72,C5,0.503937008,0.165972056,14.999985
4,note_on,67,G4,0.503937008,0.165972056,14.999985
6,note_on,64,E4,0.503937008,0.165972056,14.999985
8,note_on,57,A3,0.503937008,0.165972056,14.999985
10,note_on,81,A5,0.881889764,0.315971906,14.999985
0,note_on,42,F#2,0.503937008,0.165972056,15.1666515
0,note_on,38,D2,0.503937008,0.165972056,15.333318
0,note_on,42,F#2,0.503937008,0.165972056,15.333318
2,note_on,72,C5,0.503937008,0.165972056,15.333318
4,note_on,67,G4,0.503937008,0.165972056,15.333318
6,note_on,64,E4,0.503937008,0.165972056,15.333318
8,note_on,57,A3,0.503937008,0.165972056,15.333318
10,note_on,83,B5,0.881889764,0.315971906,15.333318
0,note_on,42,F#2,0.503937008,0.165972056,15.4999845
0,note_on,38,D2,0.503937008,0.165972056,15.666651
0,note_on,42,F#2,0.503937008,0.165972056,15.666651
2,note_on,72,C5,0.503937008,0.165972056,15.666651
4,note_on,67,G4,0.503937008,0.165972056,15.666651
6,note_on,64,E4,0.503937008,0.165972056,15.666651
8,note_on,57,A3,0.503937008,0.165972056,15.666651
10,note_on,84,C6,0.881889764,0.315971906,15.666651
0,note_on,42,F#2,0.503937008,0.165972056,15.8333175
0,note_on,36,C2,0.503937008,0.165972056,15.8333175
0,note_on,49,C#3,0.503937008,0.165972056,15.999984
0,note_on,36,C2,0.503937008,0.332638556,15.999984
2,note_on,72,C5,0.503937008,0.165972056,15.999984
4,note_on,69,A4,0.503937008,0.165972056,15.999984
6,note_on,64,E4,0.503937008,0.165972056,15.999984
8,note_on,53,F3,0.503937008,0.165972056,15.999984
10,note_on,81,A5,0.881889764,0.315971906,15.999984
0,note_on,42,F#2,0.503937008,0.165972056,16.1666505
0,note_on,42,F#2,0.503937008,0.165972056,16.333317
0,note_on,36,C2,0.503937008,0.332638556,16.333317
2,note_on,72,C5,0.503937008,0.165972056,16.333317
4,note_on,69,A4,0.503937008,0.165972056,16.333317
6,note_on,64,E4,0.503937008,0.165972056,16.333317
8,note_on,53,F3,0.503937008,0.165972056,16.333317
10,note_on,77,F5,0.881889764,0.315971906,16.333317
0,note_on,42,F#2,0.503937008,0.165972056,16.4999835
0,note_on,38,D2,0.503937008,0.165972056,16.66665
0,note_on,42,F#2,0.503937008,0.165972056,16.66665
2,note_on,72,C5,0.503937008,0.165972056,16.66665
4,note_on,69,A4,0.503937008,0.165972056,16.66665
6,note_on,64,E4,0.503937008,0.165972056,16.66665
8,note_on,53,F3,0.503937008,0.165972056,16.66665
10,note_on,79,G5,0.881889764,0.474305081,16.66665
0,note_on,42,F#2,0.503937008,0.165972056,16.8333165
0,note_on,42,F#2,0.503937008,0.165972056,16.999983
0,note_on,36,C2,0.503937008,0.165972056,16.999983
2,note_on,72,C5,0.503937008,0.082638806,16.999983
4,note_on,69,A4,0.503937008,0.082638806,16.999983
6,note_on,64,E4,0.503937008,0.082638806,16.999983
8,note_on,53,F3,0.503937008,0.082638806,16.999983
0,note_on,42,F#2,0.503937008,0.165972056,17.1666495
0,note_on,36,C2,0.503937008,0.165972056,17.1666495
2,note_on,72,C5,0.503937008,0.082638806,17.1666495
4,note_on,69,A4,0.503937008,0.082638806,17.1666495
6,note_on,64,E4,0.503937008,0.082638806,17.1666495
8,note_on,53,F3,0.503937008,0.082638806,17.1666495
10,note_on,81,A5,0.881889764,0.157638731,17.1666495
0,note_on,42,F#2,0.503937008,0.165972056,17.333316
0,note_on,36,C2,0.503937008,0.332638556,17.333316
2,note_on,71,B4,0.503937008,0.165972056,17.333316
4,note_on,67,G4,0.503937008,0.165972056,17.333316
6,note_on,62,D4,0.503937008,0.165972056,17.333316
8,note_on,53,F3,0.503937008,0.165972056,17.333316
10,note_on,79,G5,0.881889764,0.157638731,17.333316
0,note_on,42,F#2,0.503937008,0.165972056,17.4999825
10,note_on,74,D5,0.881889764,0.157638731,17.4999825
0,note_on,42,F#2,0.503937008,0.165972056,17.666649
0,note_on,36,C2,0.503937008,0.332638556,17.666649
2,note_on,71,B4,0.503937008,0.165972056,17.666649
4,note_on,67,G4,0.503937008,0.165972056,17.666649
6,note_on,62,D4,0.503937008,0.165972056,17.666649
8,note_on,53,F3,0.503937008,0.165972056,17.666649
10,note_on,71,B4,0.881889764,0.315971906,17.666649
0,note_on,42,F#2,0.503937008,0.165972056,17.8333155
0,note_on,38,D2,0.503937008,0.165972056,17.999982
0,note_on,42,F#2,0.503937008,0.165972056,17.999982
2,note_on,71,B4,0.503937008,0.165972056,17.999982
4,note_on,67,G4,0.503937008,0.165972056,17.999982
6,note_on,62,D4,0.503937008,0.165972056,17.999982
8,note_on,53,F3,0.503937008,0.165972056,17.999982
10,note_on,76,E5,0.881889764,0.315971906,17.999982
0,note_on,42,F#2,0.503937008,0.165972056,18.1666485
0,note_on,42,F#2,0.503937008,0.165972056,18.333315
2,note_on,72,C5,0.503937008,0.165972056,18.333315
4,note_on,67,G4,0.503937008,0.165972056,18.333315
6,note_on,62,D4,0.503937008,0.165972056,18.333315
8,note_on,53,F3,0.503937008,0.165972056,18.333315
10,note_on,81,A5,0.881889764,0.315971906,18.333315
0,note_on,42,F#2,0.503937008,0.165972056,18.4999815
0,note_on,36,C2,0.503937008,0.165972056,18.4999815
0,note_on,46,A#2,0.503937008,0.165972056,18.666648
0,note_on,36,C2,0.503937008,0.332638556,18.666648
2,note_on,74,D5,0.503937008,0.165972056,18.666648
4,note_on,67,G4,0.503937008,0.165972056,18.666648
6,note_on,64,E4,0.503937008,0.165972056,18.666648
8,note_on,52,E3,0.503937008,0.165972056,18.666648
10,note_on,79,G5,0.881889764,0.790971431,18.666648
0,note_on,42,F#2,0.503937008,0.165972056,18.8333145
0,note_on,42,F#2,0.503937008,0.165972056,18.999981
0,note_on,36,C2,0.503937008,0.332638556,18.999981
2,note_on,74,D5,0.503937008,0.165972056,18.999981
4,note_on,67,G4,0.503937008,0.165972056,18.999981
6,note_on,64,E4,0.503937008,0.165972056,18.999981
8,note_on,52,E3,0.503937008,0.165972056,18.999981
0,note_on,42,F#2,0.503937008,0.165972056,19.1666475
0,note_on,38,D2,0.503937008,0.165972056,19.333314
0,note_on,42,F#2,0.503937008,0.165972056,19.333314
2,note_on,74,D5,0.503937008,0.165972056,19.333314
4,note_on,67,G4,0.503937008,0.165972056,19.333314
6,note_on,64,E4,0.503937008,0.165972056,19.333314
8,note_on,52,E3,0.503937008,0.165972056,19.333314
0,note_on,42,F#2,0.503937008,0.165972056,19.4999805
10,note_on,81,A5,0.881889764,0.157638731,19.4999805
0,note_on,42,F#2,0.503937008,0.165972056,19.666647
0,note_on,36,C2,0.503937008,0.165972056,19.666647
2,note_on,74,D5,0.503937008,0.082638806,19.666647
4,note_on,67,G4,0.503937008,0.082638806,19.666647
6,note_on,64,E4,0.503937008,0.082638806,19.666647
8,note_on,52,E3,0.503937008,0.082638806,19.666647
10,note_on,79,G5,0.881889764,0.157638731,19.666647
0,note_on,42,F#2,0.503937008,0.165972056,19.8333135
0,note_on,36,C2,0.503937008,0.165972056,19.8333135
2,note_on,71,B4,0.503937008,0.082638806,19.8333135
4,note_on,67,G4,0.503937008,0.082638806,19.8333135
6,note_on,64,E4,0.503937008,0.082638806,19.8333135
8,note_on,52,E3,0.503937008,0.082638806,19.8333135
10,note_on,78,F#5,0.881889764,0.157638731,19.8333135
0,note_on,42,F#2,0.503937008,0.165972056,19.99998
0,note_on,36,C2,0.503937008,0.332638556,19.99998
2,note_on,72,C5,0.503937008,0.165972056,19.99998
4,note_on,67,G4,0.503937008,0.165972056,19.99998
6,note_on,64,E4,0.503937008,0.165972056,19.99998
8,note_on,57,A3,0.503937008,0.165972056,19.99998
10,note_on,79,G5,0.881889764,1.107637781,19.99998
0,note_on,42,F#2,0.503937008,0.165972056,20.1666465
0,note_on,42,F#2,0.503937008,0.165972056,20.333313
0,note_on,36,C2,0.503937008,0.332638556,20.333313
2,note_on,72,C5,0.503937008,0.165972056,20.333313
4,note_on,67,G4,0.503937008,0.165972056,20.333313
6,note_on,64,E4,0.503937008,0.165972056,20.333313
8,note_on,57,A3,0.503937008,0.165972056,20.333313
0,note_on,42,F#2,0.503937008,0.165972056,20.4999795
0,note_on,38,D2,0.503937008,0.165972056,20.666646
0,note_on,42,F#2,0.503937008,0.165972056,20.666646
2,note_on,72,C5,0.503937008,0.165972056,20.666646
4,note_on,67,G4,0.503937008,0.165972056,20.666646
6,note_on,64,E4,0.503937008,0.165972056,20.666646
8,note_on,57,A3,0.503937008,0.165972056,20.666646
0,note_on,42,F#2,0.503937008,0.165972056,20.8333125
0,note_on,38,D2,0.503937008,0.165972056,20.999979
0,note_on,42,F#2,0.503937008,0.165972056,20.999979
2,note_on,72,C5,0.503937008,0.165972056,20.999979
4,note_on,67,G4,0.503937008,0.165972056,20.999979
6,note_on,64,E4,0.503937008,0.165972056,20.999979
8,note_on,57,A3,0.503937008,0.165972056,20.999979
0,note_on,42,F#2,0.503937008,0.165972056,21.1666455
0,note_on,36,C2,0.503937008,0.165972056,21.1666455
10,note_on,76,E5,0.881889764,0.157638731,21.1666455
0,note_on,49,C#3,0.503937008,0.165972056,21.333312
0,note_on,36,C2,0.503937008,0.332638556,21.333312
2,note_on,72,C5,0.503937008,0.165972056,21.333312
4,note_on,69,A4,0.503937008,0.165972056,21.333312
6,note_on,64,E4,0.503937008,0.165972056,21.333312
8,note_on,53,F3,0.503937008,0.165972056,21.333312
10,note_on,77,F5,0.881889764,1.107637781,21.333312
0,note_on,42,F#2,0.503937008,0.165972056,21.4999785
0,note_on,42,F#2,0.503937008,0.165972056,21.666645
0,note_on,36,C2,0.503937008,0.332638556,21.666645
2,note_on,72,C5,0.503937008,0.165972056,21.666645
4,note_on,69,A4,0.503937008,0.165972056,21.666645
6,note_on,64,E4,0.503937008,0.165972056,21.666645
8,note_on,53,F3,0.503937008,0.165972056,21.666645
0,note_on,42,F#2,0.503937008,0.165972056,21.8333115
0,note_on,38,D2,0.503937008,0.165972056,21.999978
0,note_on,42,F#2,0.503937008,0.165972056,21.999978
2,note_on,72,C5,0.503937008,0.165972056,21.999978
4,note_on,69,A4,0.503937008,0.165972056,21.999978
6,note_on,64,E4,0.503937008,0.165972056,21.999978
8,note_on,53,F3,0.503937008,0.165972056,21.999978
0,note_on,42,F#2,0.503937008,0.165972056,22.1666445
0,note_on,42,F#2,0.503937008,0.165972056,22.333311
0,note_on,36,C2,0.503937008,0.165972056,22.333311
2,note_on,72,C5,0.503937008,0.082638806,22.333311
4,note_on,69,A4,0.503937008,0.082638806,22.333311
6,note_on,64,E4,0.503937008,0.082638806,22.333311
8,note_on,53,F3,0.503937008,0.082638806,22.333311
0,note_on,42,F#2,0.503937008,0.165972056,22.4999775
0,note_on,36,C2,0.503937008,0.165972056,22.4999775
2,note_on,72,C5,0.503937008,0.082638806,22.4999775
4,note_on,69,A4,0.503937008,0.082638806,22.4999775
6,note_on,64,E4,0.503937008,0.082638806,22.4999775
8,note_on,53,F3,0.503937008,0.082638806,22.4999775
10,note_on,81,A5,0.881889764,0.157638731,22.4999775
0,note_on,42,F#2,0.503937008,0.165972056,22.666644
0,note_on,36,C2,0.503937008,0.332638556,22.666644
2,note_on,71,B4,0.503937008,0.165972056,22.666644
4,note_on,67,G4,0.503937008,0.165972056,22.666644
6,note_on,62,D4,0.503937008,0.165972056,22.666644
8,note_on,53,F3,0.503937008,0.165972056,22.666644
10,note_on,83,B5,0.881889764,1.107637781,22.666644
0,note_on,42,F#2,0.503937008,0.165972056,22.8333105
0,note_on,42,F#2,0.503937008,0.165972056,22.999977
0,note_on,36,C2,0.503937008,0.332638556,22.999977
2,note_on,71,B4,0.503937008,0.165972056,22.999977
4,note_on,67,G4,0.503937008,0.165972056,22.999977
6,note_on,62,D4,0.503937008,0.165972056,22.999977
8,note_on,53,F3,0.503937008,0.165972056,22.999977
0,note_on,42,F#2,0.503937008,0.165972056,23.1666435
0,note_on,38,D2,0.503937008,0.165972056,23.33331
0,note_on,42,F#2,0.503937008,0.165972056,23.33331
2,note_on,71,B4,0.503937008,0.165972056,23.33331
4,note_on,67,G4,0.503937008,0.165972056,23.33331
6,note_on,62,D4,0.503937008,0.165972056,23.33331
8,note_on,53,F3,0.503937008,0.165972056,23.33331
0,note_on,42,F#2,0.503937008,0.165972056,23.4999765
0,note_on,42,F#2,0.503937008,0.165972056,23.666643
2,note_on,72,C5,0.503937008,0.165972056,23.666643
4,note_on,67,G4,0.503937008,0.165972056,23.666643
6,note_on,62,D4,0.503937008,0.165972056,23.666643
8,note_on,53,F3,0.503937008,0.165972056,23.666643
0,note_on,42,F#2,0.503937008,0.165972056,23.8333095
0,note_on,36,C2,0.503937008,0.165972056,23.8333095
10,note_on,79,G5,0.881889764,0.157638731,23.8333095
0,note_on,46,A#2,0.503937008,0.165972056,23.999976
0,note_on,36,C2,0.503937008,0.332638556,23.999976
2,note_on,74,D5,0.503937008,0.165972056,23.999976
4,note_on,67,G4,0.503937008,0.165972056,23.999976
6,note_on,64,E4,0.503937008,0.165972056,23.999976
8,note_on,52,E3,0.503937008,0.165972056,23.999976
10,note_on,88,E6,0.881889764,1.107637781,23.999976
0,note_on,42,F#2,0.503937008,0.165972056,24.1666425
0,note_on,42,F#2,0.503937008,0.165972056,24.333309
0,note_on,36,C2,0.503937008,0.332638556,24.333309
2,note_on,74,D5,0.503937008,0.165972056,24.333309
4,note_on,67,G4,0.503937008,0.165972056,24.333309
6,note_on,64,E4,0.503937008,0.165972056,24.333309
8,note_on,52,E3,0.503937008,0.165972056,24.333309
0,note_on,42,F#2,0.503937008,0.165972056,24.4999755
0,note_on,38,D2,0.503937008,0.165972056,24.666642
0,note_on,42,F#2,0.503937008,0.165972056,24.666642
2,note_on,74,D5,0.503937008,0.165972056,24.666642
4,note_on,67,G4,0.503937008,0.165972056,24.666642
6,note_on,64,E4,0.503937008,0.165972056,24.666642
8,note_on,52,E3,0.503937008,0.165972056,24.666642
0,note_on,42,F#2,0.503937008,0.165972056,24.8333085
0,note_on,42,F#2,0.503937008,0.165972056,24.999975
0,note_on,36,C2,0.503937008,0.165972056,24.999975
2,note_on,74,D5,0.503937008,0.082638806,24.999975
4,note_on,67,G4,0.503937008,0.082638806,24.999975
6,note_on,64,E4,0.503937008,0.082638806,24.999975
8,note_on,52,E3,0.503937008,0.082638806,24.999975
0,note_on,42,F#2,0.503937008,0.165972056,25.1666415
0,note_on,36,C2,0.503937008,0.165972056,25.1666415
2,note_on,71,B4,0.503937008,0.082638806,25.1666415
4,note_on,67,G4,0.503937008,0.082638806,25.1666415
6,note_on,64,E4,0.503937008,0.082638806,25.1666415
8,note_on,52,E3,0.503937008,0.082638806,25.1666415
10,note_on,88,E6,0.881889764,0.03888885,25.1666415
10,note_on,87,D#6,0.881889764,0.03888885,25.20830813
10,note_on,86,D6,0.881889764,0.03888885,25.24997475
10,note_on,85,C#6,0.881889764,0.03888885,25.29164137
0,note_on,42,F#2,0.503937008,0.165972056,25.333308
0,note_on,36,C2,0.503937008,0.332638556,25.333308
2,note_on,72,C5,0.503937008,0.165972056,25.333308
4,note_on,67,G4,0.503937008,0.165972056,25.333308
6,note_on,64,E4,0.503937008,0.165972056,25.333308
8,note_on,57,A3,0.503937008,0.165972056,25.333308
10,note_on,84,C6,0.881889764,0.315971906,25.333308
0,note_on,42,F#2,0.503937008,0.165972056,25.4999745
0,note_on,42,F#2,0.503937008,0.165972056,25.666641
0,note_on,36,C2,0.503937008,0.332638556,25.666641
2,note_on,72,C5,0.503937008,0.165972056,25.666641
4,note_on,67,G4,0.503937008,0.165972056,25.666641
6,note_on,64,E4,0.503937008,0.165972056,25.666641
8,note_on,57,A3,0.503937008,0.165972056,25.666641
10,note_on,81,A5,0.881889764,0.315971906,25.666641
0,note_on,42,F#2,0.503937008,0.165972056,25.8333075
0,note_on,38,D2,0.503937008,0.165972056,25.999974
0,note_on,42,F#2,0.503937008,0.165972056,25.999974
2,note_on,72,C5,0.503937008,0.165972056,25.999974
4,note_on,67,G4,0.503937008,0.165972056,25.999974
6,note_on,64,E4,0.503937008,0.165972056,25.999974
8,note_on,57,A3,0.503937008,0.165972056,25.999974
10,note_on,83,B5,0.881889764,0.315971906,25.999974
0,note_on,42,F#2,0.503937008,0.165972056,26.1666405
0,note_on,38,D2,0.503937008,0.165972056,26.333307
0,note_on,42,F#2,0.503937008,0.165972056,26.333307
2,note_on,72,C5,0.503937008,0.165972056,26.333307
4,note_on,67,G4,0.503937008,0.165972056,26.333307
6,note_on,64,E4,0.503937008,0.165972056,26.333307
8,note_on,57,A3,0.503937008,0.165972056,26.333307
10,note_on,84,C6,0.881889764,0.315971906,26.333307
0,note_on,42,F#2,0.503937008,0.165972056,26.4999735
0,note_on,36,C2,0.503937008,0.165972056,26.4999735
0,note_on,49,C#3,0.503937008,0.165972056,26.66664
0,note_on,36,C2,0.503937008,0.332638556,26.66664
2,note_on,72,C5,0.503937008,0.165972056,26.66664
4,note_on,69,A4,0.503937008,0.165972056,26.66664
6,note_on,64,E4,0.503937008,0.165972056,26.66664
8,note_on,53,F3,0.503937008,0.165972056,26.66664
10,note_on,81,A5,0.881889764,0.315971906,26.66664
0,note_on,42,F#2,0.503937008,0.165972056,26.8333065
0,note_on,42,F#2,0.503937008,0.165972056,26.999973
0,note_on,36,C2,0.503937008,0.332638556,26.999973
2,note_on,72,C5,0.503937008,0.165972056,26.999973
4,note_on,69,A4,0.503937008,0.165972056,26.999973
6,note_on,64,E4,0.503937008,0.165972056,26.999973
8,note_on,53,F3,0.503937008,0.165972056,26.999973
10,note_on,77,F5,0.881889764,0.315971906,26.999973
0,note_on,42,F#2,0.503937008,0.165972056,27.1666395
0,note_on,38,D2,0.503937008,0.165972056,27.333306
0,note_on,42,F#2,0.503937008,0.165972056,27.333306
2,note_on,72,C5,0.503937008,0.165972056,27.333306
4,note_on,69,A4,0.503937008,0.165972056,27.333306
6,note_on,64,E4,0.503937008,0.165972056,27.333306
8,note_on,53,F3,0.503937008,0.165972056,27.333306
10,note_on,79,G5,0.881889764,0.474305081,27.333306
0,note_on,42,F#2,0.503937008,0.165972056,27.4999725
0,note_on,42,F#2,0.503937008,0.165972056,27.666639
0,note_on,36,C2,0.503937008,0.165972056,27.666639
2,note_on,72,C5,0.503937008,0.082638806,27.666639
4,note_on,69,A4,0.503937008,0.082638806,27.666639
6,note_on,64,E4,0.503937008,0.082638806,27.666639
8,note_on,53,F3,0.503937008,0.082638806,27.666639
0,note_on,42,F#2,0.503937008,0.165972056,27.8333055
0,note_on,36,C2,0.503937008,0.165972056,27.8333055
2,note_on,72,C5,0.503937008,0.082638806,27.8333055
4,note_on,69,A4,0.503937008,0.082638806,27.8333055
6,note_on,64,E4,0.503937008,0.082638806,27.8333055
8,note_on,53,F3,0.503937008,0.082638806,27.8333055
10,note_on,81,A5,0.881889764,0.157638731,27.8333055
0,note_on,42,F#2,0.503937008,0.165972056,27.999972
0,note_on,36,C2,0.503937008,0.332638556,27.999972
2,note_on,71,B4,0.503937008,0.165972056,27.999972
4,note_on,67,G4,0.503937008,0.165972056,27.999972
6,note_on,62,D4,0.503937008,0.165972056,27.999972
8,note_on,53,F3,0.503937008,0.165972056,27.999972
10,note_on,79,G5,0.881889764,0.157638731,27.999972
0,note_on,42,F#2,0.503937008,0.165972056,28.1666385
10,note_on,74,D5,0.881889764,0.157638731,28.1666385
0,note_on,42,F#2,0.503937008,0.165972056,28.333305
0,note_on,36,C2,0.503937008,0.332638556,28.333305
2,note_on,71,B4,0.503937008,0.165972056,28.333305
4,note_on,67,G4,0.503937008,0.165972056,28.333305
6,note_on,62,D4,0.503937008,0.165972056,28.333305
8,note_on,53,F3,0.503937008,0.165972056,28.333305
10,note_on,71,B4,0.881889764,0.315971906,28.333305
0,note_on,42,F#2,0.503937008,0.165972056,28.4999715
0,note_on,38,D2,0.503937008,0.165972056,28.666638
0,note_on,42,F#2,0.503937008,0.165972056,28.666638
2,note_on,71,B4,0.503937008,0.165972056,28.666638
4,note_on,67,G4,0.503937008,0.165972056,28.666638
6,note_on,62,D4,0.503937008,0.165972056,28.666638
8,note_on,53,F3,0.503937008,0.165972056,28.666638
10,note_on,76,E5,0.881889764,0.315971906,28.666638
0,note_on,42,F#2,0.503937008,0.165972056,28.8333045
0,note_on,42,F#2,0.503937008,0.165972056,28.999971
2,note_on,72,C5,0.503937008,0.165972056,28.999971
4,note_on,67,G4,0.503937008,0.165972056,28.999971
6,note_on,62,D4,0.503937008,0.165972056,28.999971
8,note_on,53,F3,0.503937008,0.165972056,28.999971
10,note_on,81,A5,0.881889764,0.315971906,28.999971
0,note_on,42,F#2,0.503937008,0.165972056,29.1666375
0,note_on,36,C2,0.503937008,0.165972056,29.1666375
0,note_on,46,A#2,0.503937008,0.165972056,29.333304
0,note_on,36,C2,0.503937008,0.332638556,29.333304
2,note_on,74,D5,0.503937008,0.165972056,29.333304
4,note_on,67,G4,0.503937008,0.165972056,29.333304
6,note_on,64,E4,0.503937008,0.165972056,29.333304
8,note_on,52,E3,0.503937008,0.165972056,29.333304
10,note_on,79,G5,0.881889764,0.790971431,29.333304
0,note_on,42,F#2,0.503937008,0.165972056,29.4999705
0,note_on,42,F#2,0.503937008,0.165972056,29.666637
0,note_on,36,C2,0.503937008,0.332638556,29.666637
2,note_on,74,D5,0.503937008,0.165972056,29.666637
4,note_on,67,G4,0.503937008,0.165972056,29.666637
6,note_on,64,E4,0.503937008,0.165972056,29.666637
8,note_on,52,E3,0.503937008,0.165972056,29.666637
0,note_on,42,F#2,0.503937008,0.165972056,29.8333035
0,note_on,38,D2,0.503937008,0.165972056,29.99997
0,note_on,42,F#2,0.503937008,0.165972056,29.99997
2,note_on,74,D5,0.503937008,0.165972056,29.99997
4,note_on,67,G4,0.503937008,0.165972056,29.99997
6,note_on,64,E4,0.503937008,0.165972056,29.99997
8,note_on,52,E3,0.503937008,0.165972056,29.99997
0,note_on,42,F#2,0.503937008,0.165972056,30.1666365
10,note_on,81,A5,0.881889764,0.157638731,30.1666365
0,note_on,42,F#2,0.503937008,0.165972056,30.333303
0,note_on,36,C2,0.503937008,0.165972056,30.333303
2,note_on,74,D5,0.503937008,0.082638806,30.333303
4,note_on,67,G4,0.503937008,0.082638806,30.333303
6,note_on,64,E4,0.503937008,0.082638806,30.333303
8,note_on,52,E3,0.503937008,0.082638806,30.333303
10,note_on,79,G5,0.881889764,0.157638731,30.333303
0,note_on,42,F#2,0.503937008,0.165972056,30.4999695
0,note_on,36,C2,0.503937008,0.165972056,30.4999695
2,note_on,71,B4,0.503937008,0.082638806,30.4999695
4,note_on,67,G4,0.503937008,0.082638806,30.4999695
6,note_on,64,E4,0.503937008,0.082638806,30.4999695
8,note_on,52,E3,0.503937008,0.082638806,30.4999695
10,note_on,78,F#5,0.881889764,0.157638731,30.4999695
0,note_on,42,F#2,0.503937008,0.165972056,30.666636
0,note_on,36,C2,0.503937008,0.332638556,30.666636
2,note_on,72,C5,0.503937008,0.165972056,30.666636
4,note_on,67,G4,0.503937008,0.165972056,30.666636
6,note_on,64,E4,0.503937008,0.165972056,30.666636
8,note_on,57,A3,0.503937008,0.165972056,30.666636
10,note_on,79,G5,0.881889764,1.107637781,30.666636
0,note_on,42,F#2,0.503937008,0.165972056,30.8333025
0,note_on,42,F#2,0.503937008,0.165972056,30.999969
0,note_on,36,C2,0.503937008,0.332638556,30.999969
2,note_on,72,C5,0.503937008,0.165972056,30.999969
4,note_on,67,G4,0.503937008,0.165972056,30.999969
6,note_on,64,E4,0.503937008,0.165972056,30.999969
8,note_on,57,A3,0.503937008,0.165972056,30.999969
0,note_on,42,F#2,0.503937008,0.165972056,31.1666355
0,note_on,38,D2,0.503937008,0.165972056,31.333302
0,note_on,42,F#2,0.503937008,0.165972056,31.333302
2,note_on,72,C5,0.503937008,0.165972056,31.333302
4,note_on,67,G4,0.503937008,0.165972056,31.333302
6,note_on,64,E4,0.503937008,0.165972056,31.333302
8,note_on,57,A3,0.503937008,0.165972056,31.333302
0,note_on,40,E2,0.503937008,0.082638806,31.4999685
0,note_on,42,F#2,0.503937008,0.082638806,31.4999685
0,note_on,38,D2,0.503937008,0.082638806,31.58330175
0,note_on,40,E2,0.503937008,0.082638806,31.666635
0,note_on,42,F#2,0.503937008,0.082638806,31.666635
2,note_on,72,C5,0.503937008,0.165972056,31.666635
4,note_on,67,G4,0.503937008,0.165972056,31.666635
6,note_on,64,E4,0.503937008,0.165972056,31.666635
8,note_on,57,A3,0.503937008,0.165972056,31.666635
0,note_on,38,D2,0.503937008,0.082638806,31.74996825
0,note_on,40,E2,0.503937008,0.082638806,31.8333015
0,note_on,42,F#2,0.503937008,0.082638806,31.8333015
10,note_on,79,G5,0.881889764,0.157638731,31.8333015
0,note_on,38,D2,0.503937008,0.082638806,31.91663475
0,note_on,38,D2,0.503937008,0.332638556,31.999968
0,note_on,49,C#3,0.503937008,0.332638556,31.999968
0,note_on,36,C2,0.503937008,0.332638556,31.999968
2,note_on,72,C5,0.503937008,0.165972056,31.999968
4,note_on,69,A4,0.503937008,0.165972056,31.999968
6,note_on,65,F4,0.503937008,0.165972056,31.999968
8,note_on,50,D3,0.503937008,0.165972056,31.999968
10,note_on,77,F5,0.881889764,0.790971431,31.999968
0,note_on,46,A#2,0.503937008,0.332638556,32.333301
2,note_on,72,C5,0.503937008,0.165972056,32.333301
4,note_on,69,A4,0.503937008,0.165972056,32.333301
6,note_on,65,F4,0.503937008,0.165972056,32.333301
8,note_on,50,D3,0.503937008,0.165972056,32.333301
0,note_on,38,D2,0.503937008,0.332638556,32.666634
2,note_on,72,C5,0.503937008,0.165972056,32.666634
4,note_on,69,A4,0.503937008,0.165972056,32.666634
6,note_on,65,F4,0.503937008,0.165972056,32.666634
8,note_on,50,D3,0.503937008,0.165972056,32.666634
10,note_on,77,F5,0.881889764,0.157638731,32.8333005
0,note_on,46,A#2,0.503937008,0.332638556,32.999967
2,note_on,72,C5,0.503937008,0.165972056,32.999967
4,note_on,69,A4,0.503937008,0.165972056,32.999967
6,note_on,65,F4,0.503937008,0.165972056,32.999967
8,note_on,50,D3,0.503937008,0.165972056,32.999967
10,note_on,79,G5,0.881889764,0.157638731,32.999967
10,note_on,81,A5,0.881889764,0.157638731,33.1666335
0,note_on,36,C2,0.503937008,0.332638556,33.3333
2,note_on,71,B4,0.503937008,0.165972056,33.3333
4,note_on,67,G4,0.503937008,0.165972056,33.3333
6,note_on,65,F4,0.503937008,0.165972056,33.3333
8,note_on,55,G3,0.503937008,0.165972056,33.3333
10,note_on,83,B5,0.881889764,0.632638256,33.3333
0,note_on,46,A#2,0.503937008,0.332638556,33.666633
2,note_on,71,B4,0.503937008,0.165972056,33.666633
4,note_on,67,G4,0.503937008,0.165972056,33.666633
6,note_on,65,F4,0.503937008,0.165972056,33.666633
8,note_on,55,G3,0.503937008,0.165972056,33.666633
0,note_on,38,D2,0.503937008,0.332638556,33.999966
2,note_on,71,B4,0.503937008,0.165972056,33.999966
4,note_on,67,G4,0.503937008,0.165972056,33.999966
6,note_on,65,F4,0.503937008,0.165972056,33.999966
8,note_on,55,G3,0.503937008,0.165972056,33.999966
10,note_on,86,D6,0.881889764,0.632638256,33.999966
0,note_on,46,A#2,0.503937008,0.332638556,34.333299
2,note_on,71,B4,0.503937008,0.165972056,34.333299
4,note_on,67,G4,0.503937008,0.165972056,34.333299
6,note_on,65,F4,0.503937008,0.165972056,34.333299
8,note_on,55,G3,0.503937008,0.165972056,34.333299
0,note_on,36,C2,0.503937008,0.332638556,34.666632
2,note_on,71,B4,0.503937008,0.165972056,34.666632
4,note_on,67,G4,0.503937008,0.165972056,34.666632
6,note_on,64,E4,0.503937008,0.165972056,34.666632
8,note_on,48,C3,0.503937008,0.165972056,34.666632
10,note_on,84,C6,0.881889764,0.790971431,34.666632
0,note_on,46,A#2,0.503937008,0.332638556,34.999965
2,note_on,71,B4,0.503937008,0.165972056,34.999965
4,note_on,67,G4,0.503937008,0.165972056,34.999965
6,note_on,64,E4,0.503937008,0.165972056,34.999965
8,note_on,48,C3,0.503937008,0.165972056,34.999965
0,note_on,38,D2,0.503937008,0.332638556,35.333298
2,note_on,71,B4,0.503937008,0.165972056,35.333298
4,note_on,67,G4,0.503937008,0.165972056,35.333298
6,note_on,64,E4,0.503937008,0.165972056,35.333298
8,note_on,48,C3,0.503937008,0.165972056,35.333298
10,note_on,86,D6,0.881889764,0.157638731,35.4999645
0,note_on,46,A#2,0.503937008,0.332638556,35.666631
2,note_on,71,B4,0.503937008,0.165972056,35.666631
4,note_on,67,G4,0.503937008,0.165972056,35.666631
6,note_on,64,E4,0.503937008,0.165972056,35.666631
8,note_on,48,C3,0.503937008,0.165972056,35.666631
10,note_on,84,C6,0.881889764,0.157638731,35.666631
10,note_on,83,B5,0.881889764,0.157638731,35.8332975
0,note_on,36,C2,0.503937008,0.332638556,35.999964
2,note_on,69,A4,0.503937008,0.165972056,35.999964
4,note_on,65,F4,0.503937008,0.165972056,35.999964
6,note_on,64,E4,0.503937008,0.165972056,35.999964
8,note_on,53,F3,0.503937008,0.165972056,35.999964
10,note_on,81,A5,0.881889764,0.790971431,35.999964
0,note_on,46,A#2,0.503937008,0.332638556,36.333297
2,note_on,69,A4,0.503937008,0.165972056,36.333297
4,note_on,65,F4,0.503937008,0.165972056,36.333297
6,note_on,64,E4,0.503937008,0.165972056,36.333297
8,note_on,53,F3,0.503937008,0.165972056,36.333297
0,note_on,38,D2,0.503937008,0.332638556,36.66663
2,note_on,69,A4,0.503937008,0.165972056,36.66663
4,note_on,65,F4,0.503937008,0.165972056,36.66663
6,note_on,64,E4,0.503937008,0.165972056,36.66663
8,note_on,53,F3,0.503937008,0.165972056,36.66663
10,note_on,83,B5,0.881889764,0.157638731,36.8332965
0,note_on,46,A#2,0.503937008,0.332638556,36.999963
2,note_on,69,A4,0.503937008,0.165972056,36.999963
4,note_on,65,F4,0.503937008,0.165972056,36.999963
6,note_on,64,E4,0.503937008,0.165972056,36.999963
8,note_on,53,F3,0.503937008,0.165972056,36.999963
10,note_on,81,A5,0.881889764,0.157638731,36.999963
0,note_on,36,C2,0.503937008,0.165972056,37.1666295
10,note_on,79,G5,0.881889764,0.157638731,37.1666295
0,note_on,49,C#3,0.503937008,0.332638556,37.333296
0,note_on,36,C2,0.503937008,0.332638556,37.333296
2,note_on,72,C5,0.503937008,0.165972056,37.333296
4,note_on,69,A4,0.503937008,0.165972056,37.333296
6,note_on,65,F4,0.503937008,0.165972056,37.333296
8,note_on,50,D3,0.503937008,0.165972056,37.333296
10,note_on,77,F5,0.881889764,0.790971431,37.333296
0,note_on,46,A#2,0.503937008,0.332638556,37.666629
2,note_on,72,C5,0.503937008,0.165972056,37.666629
4,note_on,69,A4,0.503937008,0.165972056,37.666629
6,note_on,65,F4,0.503937008,0.165972056,37.666629
8,note_on,50,D3,0.503937008,0.165972056,37.666629
0,note_on,38,D2,0.503937008,0.332638556,37.999962
2,note_on,72,C5,0.503937008,0.165972056,37.999962
4,note_on,69,A4,0.503937008,0.165972056,37.999962
6,note_on,65,F4,0.503937008,0.165972056,37.999962
8,note_on,50,D3,0.503937008,0.165972056,37.999962
10,note_on,77,F5,0.881889764,0.157638731,38.1666285
0,note_on,46,A#2,0.503937008,0.332638556,38.333295
2,note_on,72,C5,0.503937008,0.165972056,38.333295
4,note_on,69,A4,0.503937008,0.165972056,38.333295
6,note_on,65,F4,0.503937008,0.165972056,38.333295
8,note_on,50,D3,0.503937008,0.165972056,38.333295
10,note_on,79,G5,0.881889764,0.157638731,38.333295
10,note_on,81,A5,0.881889764,0.157638731,38.4999615
0,note_on,36,C2,0.503937008,0.332638556,38.666628
2,note_on,71,B4,0.503937008,0.165972056,38.666628
4,note_on,67,G4,0.503937008,0.165972056,38.666628
6,note_on,65,F4,0.503937008,0.165972056,38.666628
8,note_on,55,G3,0.503937008,0.165972056,38.666628
10,note_on,83,B5,0.881889764,0.632638256,38.666628
0,note_on,46,A#2,0.503937008,0.332638556,38.999961
2,note_on,71,B4,0.503937008,0.165972056,38.999961
4,note_on,67,G4,0.503937008,0.165972056,38.999961
6,note_on,65,F4,0.503937008,0.165972056,38.999961
8,note_on,55,G3,0.503937008,0.165972056,38.999961
0,note_on,38,D2,0.503937008,0.332638556,39.333294
2,note_on,71,B4,0.503937008,0.165972056,39.333294
4,note_on,67,G4,0.503937008,0.165972056,39.333294
6,note_on,65,F4,0.503937008,0.165972056,39.333294
8,note_on,55,G3,0.503937008,0.165972056,39.333294
10,note_on,86,D6,0.881889764,0.632638256,39.333294
0,note_on,46,A#2,0.503937008,0.332638556,39.666627
2,note_on,71,B4,0.503937008,0.165972056,39.666627
4,note_on,67,G4,0.503937008,0.165972056,39.666627
6,note_on,65,F4,0.503937008,0.165972056,39.666627
8,note_on,55,G3,0.503937008,0.165972056,39.666627
0,note_on,36,C2,0.503937008,0.332638556,39.99996
2,note_on,71,B4,0.503937008,0.165972056,39.99996
4,note_on,67,G4,0.503937008,0.165972056,39.99996
6,note_on,64,E4,0.503937008,0.165972056,39.99996
8,note_on,48,C3,0.503937008,0.165972056,39.99996
10,note_on,84,C6,0.881889764,0.790971431,39.99996
0,note_on,46,A#2,0.503937008,0.332638556,40.333293
2,note_on,71,B4,0.503937008,0.165972056,40.333293
4,note_on,67,G4,0.503937008,0.165972056,40.333293
6,note_on,64,E4,0.503937008,0.165972056,40.333293
8,note_on,48,C3,0.503937008,0.165972056,40.333293
0,note_on,38,D2,0.503937008,0.332638556,40.666626
2,note_on,71,B4,0.503937008,0.165972056,40.666626
4,note_on,67,G4,0.503937008,0.165972056,40.666626
6,note_on,64,E4,0.503937008,0.165972056,40.666626
8,note_on,48,C3,0.503937008,0.165972056,40.666626
10,note_on,86,D6,0.881889764,0.157638731,40.8332925
0,note_on,46,A#2,0.503937008,0.332638556,40.999959
2,note_on,71,B4,0.503937008,0.165972056,40.999959
4,note_on,67,G4,0.503937008,0.165972056,40.999959
6,note_on,64,E4,0.503937008,0.165972056,40.999959
8,note_on,48,C3,0.503937008,0.165972056,40.999959
10,note_on,84,C6,0.881889764,0.157638731,40.999959
10,note_on,83,B5,0.881889764,0.157638731,41.1666255
0,note_on,36,C2,0.503937008,0.332638556,41.333292
2,note_on,69,A4,0.503937008,0.165972056,41.333292
4,note_on,65,F4,0.503937008,0.165972056,41.333292
6,note_on,64,E4,0.503937008,0.165972056,41.333292
8,note_on,53,F3,0.503937008,0.165972056,41.333292
10,note_on,81,A5,0.881889764,0.790971431,41.333292
0,note_on,46,A#2,0.503937008,0.332638556,41.666625
2,note_on,69,A4,0.503937008,0.165972056,41.666625
4,note_on,65,F4,0.503937008,0.165972056,41.666625
6,note_on,64,E4,0.503937008,0.165972056,41.666625
8,note_on,53,F3,0.503937008,0.165972056,41.666625
0,note_on,38,D2,0.503937008,0.332638556,41.999958
2,note_on,69,A4,0.503937008,0.165972056,41.999958
4,note_on,65,F4,0.503937008,0.165972056,41.999958
6,note_on,64,E4,0.503937008,0.165972056,41.999958
8,note_on,53,F3,0.503937008,0.165972056,41.999958
10,note_on,81,A5,0.881889764,0.157638731,42.1666245
0,note_on,46,A#2,0.503937008,0.332638556,42.333291
2,note_on,69,A4,0.503937008,0.165972056,42.333291
4,note_on,65,F4,0.503937008,0.165972056,42.333291
6,note_on,64,E4,0.503937008,0.165972056,42.333291
8,note_on,53,F3,0.503937008,0.165972056,42.333291
10,note_on,83,B5,0.881889764,0.157638731,42.333291
0,note_on,36,C2,0.503937008,0.165972056,42.4999575
10,note_on,84,C6,0.881889764,0.157638731,42.4999575
0,note_on,49,C#3,0.503937008,0.332638556,42.666624
0,note_on,36,C2,0.503937008,0.332638556,42.666624
2,note_on,72,C5,0.503937008,0.165972056,42.666624
4,note_on,69,A4,0.503937008,0.165972056,42.666624
6,note_on,65,F4,0.503937008,0.165972056,42.666624
8,note_on,50,D3,0.503937008,0.165972056,42.666624
10,note_on,86,D6,0.881889764,0.632638256,42.666624
0,note_on,46,A#2,0.503937008,0.332638556,42.999957
2,note_on,72,C5,0.503937008,0.165972056,42.999957
4,note_on,69,A4,0.503937008,0.165972056,42.999957
6,note_on,65,F4,0.503937008,0.165972056,42.999957
8,note_on,50,D3,0.503937008,0.165972056,42.999957
0,note_on,38,D2,0.503937008,0.332638556,43.33329
2,note_on,72,C5,0.503937008,0.165972056,43.33329
4,note_on,69,A4,0.503937008,0.165972056,43.33329
6,note_on,65,F4,0.503937008,0.165972056,43.33329
8,note_on,50,D3,0.503937008,0.165972056,43.33329
10,note_on,81,A5,0.881889764,0.632638256,43.33329
0,note_on,46,A#2,0.503937008,0.332638556,43.666623
2,note_on,72,C5,0.503937008,0.165972056,43.666623
4,note_on,69,A4,0.503937008,0.165972056,43.666623
6,note_on,65,F4,0.503937008,0.165972056,43.666623
8,note_on,50,D3,0.503937008,0.165972056,43.666623
0,note_on,36,C2,0.503937008,0.332638556,43.999956
2,note_on,71,B4,0.503937008,0.165972056,43.999956
4,note_on,67,G4,0.503937008,0.165972056,43.999956
6,note_on,65,F4,0.503937008,0.165972056,43.999956
8,note_on,55,G3,0.503937008,0.165972056,43.999956
10,note_on,83,B5,0.881889764,0.632638256,43.999956
0,note_on,46,A#2,0.503937008,0.332638556,44.333289
2,note_on,71,B4,0.503937008,0.165972056,44.333289
4,note_on,67,G4,0.503937008,0.165972056,44.333289
6,note_on,65,F4,0.503937008,0.165972056,44.333289
8,note_on,55,G3,0.503937008,0.165972056,44.333289
0,note_on,38,D2,0.503937008,0.332638556,44.666622
2,note_on,71,B4,0.503937008,0.165972056,44.666622
4,note_on,67,G4,0.503937008,0.165972056,44.666622
6,note_on,65,F4,0.503937008,0.165972056,44.666622
8,note_on,55,G3,0.503937008,0.165972056,44.666622
10,note_on,74,D5,0.881889764,0.632638256,44.666622
0,note_on,46,A#2,0.503937008,0.332638556,44.999955
2,note_on,71,B4,0.503937008,0.165972056,44.999955
4,note_on,67,G4,0.503937008,0.165972056,44.999955
6,note_on,65,F4,0.503937008,0.165972056,44.999955
8,note_on,55,G3,0.503937008,0.165972056,44.999955
0,note_on,36,C2,0.503937008,0.332638556,45.333288
2,note_on,71,B4,0.503937008,0.165972056,45.333288
4,note_on,67,G4,0.503937008,0.165972056,45.333288
6,note_on,64,E4,0.503937008,0.165972056,45.333288
8,note_on,48,C3,0.503937008,0.165972056,45.333288
10,note_on,76,E5,0.881889764,0.790971431,45.333288
0,note_on,46,A#2,0.503937008,0.332638556,45.666621
2,note_on,71,B4,0.503937008,0.165972056,45.666621
4,note_on,67,G4,0.503937008,0.165972056,45.666621
6,note_on,64,E4,0.503937008,0.165972056,45.666621
8,note_on,48,C3,0.503937008,0.165972056,45.666621
0,note_on,38,D2,0.503937008,0.332638556,45.999954
2,note_on,71,B4,0.503937008,0.165972056,45.999954
4,note_on,67,G4,0.503937008,0.165972056,45.999954
6,note_on,64,E4,0.503937008,0.165972056,45.999954
8,note_on,48,C3,0.503937008,0.165972056,45.999954
10,note_on,77,F5,0.881889764,0.157638731,46.1666205
0,note_on,46,A#2,0.503937008,0.332638556,46.333287
2,note_on,71,B4,0.503937008,0.165972056,46.333287
4,note_on,67,G4,0.503937008,0.165972056,46.333287
6,note_on,64,E4,0.503937008,0.165972056,46.333287
8,note_on,48,C3,0.503937008,0.165972056,46.333287
10,note_on,79,G5,0.881889764,0.157638731,46.333287
10,note_on,80,G#5,0.881889764,0.157638731,46.4999535
0,note_on,36,C2,0.503937008,0.332638556,46.66662
2,note_on,69,A4,0.503937008,0.165972056,46.66662
4,note_on,65,F4,0.503937008,0.165972056,46.66662
6,note_on,64,E4,0.503937008,0.165972056,46.66662
8,note_on,53,F3,0.503937008,0.165972056,46.66662
10,note_on,81,A5,0.881889764,0.632638256,46.66662
0,note_on,46,A#2,0.503937008,0.332638556,46.999953
2,note_on,69,A4,0.503937008,0.165972056,46.999953
4,note_on,65,F4,0.503937008,0.165972056,46.999953
6,note_on,64,E4,0.503937008,0.165972056,46.999953
8,note_on,53,F3,0.503937008,0.165972056,46.999953
0,note_on,38,D2,0.503937008,0.332638556,47.333286
2,note_on,69,A4,0.503937008,0.165972056,47.333286
4,note_on,65,F4,0.503937008,0.165972056,47.333286
6,note_on,64,E4,0.503937008,0.165972056,47.333286
8,note_on,53,F3,0.503937008,0.165972056,47.333286
10,note_on,77,F5,0.881889764,0.632638256,47.333286
0,note_on,46,A#2,0.503937008,0.332638556,47.666619
2,note_on,69,A4,0.503937008,0.165972056,47.666619
4,note_on,65,F4,0.503937008,0.165972056,47.666619
6,note_on,64,E4,0.503937008,0.165972056,47.666619
8,note_on,53,F3,0.503937008,0.165972056,47.666619
0,note_on,36,C2,0.503937008,0.165972056,47.8332855
0,note_on,49,C#3,0.503937008,0.332638556,47.999952
0,note_on,36,C2,0.503937008,0.332638556,47.999952
2,note_on,72,C5,0.503937008,0.165972056,47.999952
4,note_on,69,A4,0.503937008,0.165972056,47.999952
6,note_on,65,F4,0.503937008,0.165972056,47.999952
8,note_on,50,D3,0.503937008,0.165972056,47.999952
10,note_on,74,D5,0.881889764,0.632638256,47.999952
0,note_on,46,A#2,0.503937008,0.332638556,48.333285
2,note_on,72,C5,0.503937008,0.165972056,48.333285
4,note_on,69,A4,0.503937008,0.165972056,48.333285
6,note_on,65,F4,0.503937008,0.165972056,48.333285
8,note_on,50,D3,0.503937008,0.165972056,48.333285
0,note_on,38,D2,0.503937008,0.332638556,48.666618
2,note_on,72,C5,0.503937008,0.165972056,48.666618
4,note_on,69,A4,0.503937008,0.165972056,48.666618
6,note_on,65,F4,0.503937008,0.165972056,48.666618
8,note_on,50,D3,0.503937008,0.165972056,48.666618
10,note_on,84,C6,0.881889764,0.632638256,48.666618
0,note_on,46,A#2,0.503937008,0.332638556,48.999951
2,note_on,72,C5,0.503937008,0.165972056,48.999951
4,note_on,69,A4,0.503937008,0.165972056,48.999951
6,note_on,65,F4,0.503937008,0.165972056,48.999951
8,note_on,50,D3,0.503937008,0.165972056,48.999951
0,note_on,36,C2,0.503937008,0.332638556,49.333284
2,note_on,71,B4,0.503937008,0.165972056,49.333284
4,note_on,67,G4,0.503937008,0.165972056,49.333284
6,note_on,65,F4,0.503937008,0.165972056,49.333284
8,note_on,55,G3,0.503937008,0.165972056,49.333284
10,note_on,83,B5,0.881889764,0.790971431,49.333284
0,note_on,46,A#2,0.503937008,0.332638556,49.666617
2,note_on,71,B4,0.503937008,0.165972056,49.666617
4,note_on,67,G4,0.503937008,0.165972056,49.666617
6,note_on,65,F4,0.503937008,0.165972056,49.666617
8,note_on,55,G3,0.503937008,0.165972056,49.666617
0,note_on,38,D2,0.503937008,0.332638556,49.99995
2,note_on,71,B4,0.503937008,0.165972056,49.99995
4,note_on,67,G4,0.503937008,0.165972056,49.99995
6,note_on,65,F4,0.503937008,0.165972056,49.99995
8,note_on,55,G3,0.503937008,0.165972056,49.99995
10,note_on,83,B5,0.881889764,0.157638731,50.1666165
0,note_on,46,A#2,0.503937008,0.332638556,50.333283
2,note_on,71,B4,0.503937008,0.165972056,50.333283
4,note_on,67,G4,0.503937008,0.165972056,50.333283
6,note_on,65,F4,0.503937008,0.165972056,50.333283
8,note_on,55,G3,0.503937008,0.165972056,50.333283
10,note_on,81,A5,0.881889764,0.157638731,50.333283
10,note_on,80,G#5,0.881889764,0.157638731,50.4999495
0,note_on,36,C2,0.503937008,0.332638556,50.666616
2,note_on,71,B4,0.503937008,0.165972056,50.666616
4,note_on,67,G4,0.503937008,0.165972056,50.666616
6,note_on,65,F4,0.503937008,0.165972056,50.666616
8,note_on,48,C3,0.503937008,0.165972056,50.666616
10,note_on,79,G5,0.881889764,0.632638256,50.666616
0,note_on,46,A#2,0.503937008,0.332638556,50.999949
2,note_on,71,B4,0.503937008,0.165972056,50.999949
4,note_on,67,G4,0.503937008,0.165972056,50.999949
6,note_on,65,F4,0.503937008,0.165972056,50.999949
8,note_on,48,C3,0.503937008,0.165972056,50.999949
0,note_on,38,D2,0.503937008,0.332638556,51.333282
2,note_on,71,B4,0.503937008,0.165972056,51.333282
4,note_on,67,G4,0.503937008,0.165972056,51.333282
6,note_on,65,F4,0.503937008,0.165972056,51.333282
8,note_on,48,C3,0.503937008,0.165972056,51.333282
10,note_on,83,B5,0.881889764,0.632638256,51.333282
0,note_on,46,A#2,0.503937008,0.332638556,51.666615
2,note_on,71,B4,0.503937008,0.165972056,51.666615
4,note_on,67,G4,0.503937008,0.165972056,51.666615
6,note_on,65,F4,0.503937008,0.165972056,51.666615
8,note_on,48,C3,0.503937008,0.165972056,51.666615
0,note_on,36,C2,0.503937008,0.332638556,51.999948
2,note_on,71,B4,0.503937008,0.165972056,51.999948
4,note_on,67,G4,0.503937008,0.165972056,51.999948
6,note_on,64,E4,0.503937008,0.165972056,51.999948
8,note_on,48,C3,0.503937008,0.165972056,51.999948
10,note_on,76,E5,0.881889764,1.2555543,51.999948
0,note_on,46,A#2,0.503937008,0.332638556,52.333281
2,note_on,71,B4,0.503937008,0.165972056,52.333281
4,note_on,67,G4,0.503937008,0.165972056,52.333281
6,note_on,64,E4,0.503937008,0.165972056,52.333281
8,note_on,48,C3,0.503937008,0.165972056,52.333281
0,note_on,38,D2,0.503937008,0.332638556,52.666614
2,note_on,71,B4,0.503937008,0.165972056,52.666614
4,note_on,67,G4,0.503937008,0.165972056,52.666614
6,note_on,64,E4,0.503937008,0.165972056,52.666614
8,note_on,48,C3,0.503937008,0.165972056,52.666614
0,note_on,46,A#2,0.503937008,0.165972056,52.999947
2,note_on,71,B4,0.503937008,0.160416506,52.999947
4,note_on,67,G4,0.503937008,0.160416506,52.999947
6,note_on,64,E4,0.503937008,0.160416506,52.999947
8,note_on,48,C3,0.503937008,0.160416506,52.999947
0,note_on,41,F2,0.503937008,0.082638806,53.1666135
0,note_on,41,F2,0.503937008,0.07222215,53.24994675